-- phpMyAdmin SQL Dump
-- version 5.2.0
-- https://www.phpmyadmin.net/
--
-- Host: 127.0.0.1
-- Czas generowania: 30 Mar 2024, 14:53
-- Wersja serwera: 10.4.27-MariaDB
-- Wersja PHP: 8.2.0

SET SQL_MODE = "NO_AUTO_VALUE_ON_ZERO";
START TRANSACTION;
SET time_zone = "+00:00";


/*!40101 SET @OLD_CHARACTER_SET_CLIENT=@@CHARACTER_SET_CLIENT */;
/*!40101 SET @OLD_CHARACTER_SET_RESULTS=@@CHARACTER_SET_RESULTS */;
/*!40101 SET @OLD_COLLATION_CONNECTION=@@COLLATION_CONNECTION */;
/*!40101 SET NAMES utf8mb4 */;

--
-- Baza danych: `nb_scores_league`
--

-- --------------------------------------------------------

--
-- Struktura tabeli dla tabeli `clubs`
--

CREATE TABLE `clubs` (
  `str_id` varchar(4) NOT NULL,
  `name` varchar(50) CHARACTER SET utf8mb4 COLLATE utf8mb4_unicode_ci NOT NULL,
  `national_team_id` varchar(3) NOT NULL,
  `logo_src` varchar(50) DEFAULT NULL,
  `level` int(10) UNSIGNED NOT NULL DEFAULT 1
) ENGINE=InnoDB DEFAULT CHARSET=utf8mb4 COLLATE=utf8mb4_general_ci;

--
-- Zrzut danych tabeli `clubs`
--

INSERT INTO `clubs` (`str_id`, `name`, `national_team_id`, `logo_src`, `level`) VALUES
('07v', '07 Vestur', 'fro', '07_vestur.png', 5),
('1sl', '1. FC Slovácko', 'cze', NULL, 4),
('1sl2', '1. FC Slovácko B', 'cze', NULL, 1),
('24e', '24 Erzincanspor', 'tur', NULL, 2),
('29m', 'PAC Omonia 29M', 'cyp', NULL, 4),
('aab', 'Aalborg BK', 'den', NULL, 5),
('aac', 'Alemannia Aachen', 'ger', NULL, 1),
('aaf', 'Aarhus Fremad', 'den', NULL, 3),
('aal', 'VfR Aalen', 'ger', NULL, 1),
('aan', 'Atlético Antoniano', 'spa', NULL, 1),
('aar', 'FC Aarau', 'swi', NULL, 4),
('aas', 'Aalesunds FK', 'nor', NULL, 4),
('aav', 'Aris Avato', 'gre', NULL, 1),
('ab', 'AB Argir', 'fro', 'ab_argir.png', 5),
('abc', 'St Albans City', 'eng', NULL, 1),
('abe', 'Aberystwyth Town FC', 'wal', NULL, 4),
('abg', 'Aubagne FC', 'fra', NULL, 1),
('abl', 'UC AlbinoLeffe', 'ita', NULL, 1),
('abn', 'US Albenga', 'ita', NULL, 1),
('abr', 'Aberdeen FC', 'sco', NULL, 5),
('abs', 'JDFS Alberts', 'lva', NULL, 4),
('abt', 'AB Tårnby', 'den', NULL, 1),
('abv', 'FCM Aubervilliers', 'fra', NULL, 1),
('acb', 'AC Bellinzona', 'swi', NULL, 4),
('acc', 'Accrington Stanley', 'eng', NULL, 1),
('ace', 'Atlètic Club D\'Escaldes', 'and', 'atletic_club_descaldes.png', 5),
('ach', 'CD Andrach', 'spa', NULL, 1),
('acl', 'Arsenal Česká Lípa', 'cze', NULL, 1),
('acr', 'Entente Acren-Lessines', 'bel', NULL, 1),
('acv', 'ACV', 'nld', 'acv.png', 2),
('ada', 'Adanaspor', 'tur', NULL, 2),
('add', 'Adana Demirspor', 'tur', NULL, 5),
('ade', 'RSC Anderlecht', 'bel', NULL, 5),
('adg', 'SCU Ardagger', 'aut', NULL, 1),
('adi', 'Ankara Demirspor', 'tur', NULL, 1),
('adm', 'Admira Praha', 'cze', NULL, 2),
('ado', 'ADO \'20', 'nld', 'ado_20.png', 2),
('adr', 'FC Andranik', 'arm', NULL, 4),
('ads', 'Ards FC', 'nir', NULL, 3),
('adw', 'St. Andrews FC', 'mlt', NULL, 3),
('aeg', 'Ægir', 'ice', NULL, 3),
('aek', 'AEK Athens', 'gre', NULL, 5),
('aek2', 'AEK Athens B', 'gre', NULL, 3),
('ael', 'AEL Limassol', 'cyp', NULL, 5),
('aez', 'AEZ Zakakiou', 'cyp', NULL, 4),
('afa', 'Anorthosis Famagusta', 'cyp', NULL, 5),
('afc', 'AFC', 'nld', 'afc.png', 2),
('afj', 'Afjet Afyonspor', 'tur', NULL, 1),
('aft', 'Afturelding', 'ice', NULL, 4),
('afu', 'CS Afumați', 'rom', NULL, 2),
('agf', 'Aarhus GF', 'den', NULL, 5),
('agh', 'Annagh United', 'nir', NULL, 4),
('agl', 'VSG Altglienicke', 'ger', NULL, 1),
('agn', 'Deportivo Aragón', 'spa', NULL, 1),
('ago', 'Angoulême Charente FC', 'fra', NULL, 1),
('agu', 'Águilas FC', 'spa', NULL, 1),
('agv', 'Aragvi Dusheti', 'geo', NULL, 4),
('ahe', 'SV Allerheiligen', 'aut', NULL, 1),
('ahf', 'Viktoria Aschaffenburg', 'ger', NULL, 1),
('ahl', 'Rot Weiss Ahlen', 'ger', NULL, 1),
('aho', 'Ängelholms FF', 'swe', NULL, 1),
('ahr', 'Ahrobiznes Volochysk', 'ukr', NULL, 3),
('aht', 'Athlone Town', 'irl', NULL, 4),
('ahy', 'Achyronas-Onisilos', 'cyp', NULL, 3),
('aia', 'Ariana FC', 'swe', NULL, 2),
('aid', 'Airdrieonians FC', 'sco', NULL, 4),
('aif', 'Alta IF', 'nor', NULL, 2),
('aig', 'USV St. Anna', 'aut', NULL, 1),
('aik', 'AIK Fotboll', 'swe', NULL, 5),
('aio', 'Aiolikos FC', 'gre', NULL, 2),
('air', 'Airbus UK Broughton', 'wal', NULL, 4),
('aiy', 'Adıyamanspor', 'tur', NULL, 1),
('ajc', 'AC Ajaccio', 'fra', 'ac_ajaccio.png', 3),
('ajk', 'FC Ajka', 'hun', NULL, 3),
('ajx', 'Ajax', 'nld', 'ajax.png', 5),
('ak', 'AEK Larnaca', 'cyp', NULL, 5),
('aka', 'Akademisk Boldklub', 'den', NULL, 3),
('ake', 'Ankara Keçiörengücü', 'tur', NULL, 3),
('akl', 'ASK Klagenfurt', 'aut', NULL, 1),
('akp', 'Akademija Pandev', 'mkd', NULL, 5),
('aks', 'Aksu FK', 'kaz', NULL, 4),
('akt', 'Aqtöbe FK', 'kaz', NULL, 5),
('akt2', 'Aqtöbe FK II', 'kaz', NULL, 3),
('aky', 'Atlet Kyiv', 'ukr', NULL, 1),
('akz', 'Aqzhajyq Oral', 'kaz', NULL, 4),
('al', 'Atlètic Club D\'Escaldes B', 'and', NULL, 1),
('ala', 'Alanyaspor', 'tur', NULL, 5),
('alb', 'Albacete Balompié', 'spa', 'albacete_balompie.png', 2),
('alc', 'AD Alcorcón', 'spa', 'ad_alcorcon.png', 2),
('ald', 'Aldershot Town', 'eng', NULL, 1),
('ale', 'Olympique d\'Alès', 'fra', NULL, 1),
('alf', 'Alfreton Town', 'eng', NULL, 1),
('alg', 'Algeciras CF', 'spa', NULL, 1),
('alh', 'SCR Altach', 'aut', NULL, 5),
('alh2', 'SCR Altach Juniors', 'aut', NULL, 1),
('ali', 'Aris Limassol', 'cyp', NULL, 5),
('alj', 'NK Aluminij', 'svn', NULL, 4),
('alk', 'Alashkert', 'arm', NULL, 5),
('alk2', 'Alashkert II', 'arm', NULL, 1),
('all', 'Alloa Athletic', 'sco', NULL, 3),
('alm', 'UD Almería', 'spa', 'ud_almeria.png', 3),
('aln', 'FC Alliance', 'est', NULL, 4),
('alr', 'Altrincham FC', 'eng', NULL, 1),
('als', 'US Alessandria', 'ita', NULL, 1),
('alt', 'SV Motor Altenburg', 'ger', 'sv_motor_altenburg.png', 1),
('alu', 'Austria Lustenau', 'aut', NULL, 4),
('alv', 'FC Alverca', 'por', NULL, 2),
('alv2', 'FC Alverca B', 'por', NULL, 1),
('alx', 'CSM Alexandria', 'rom', NULL, 2),
('aly', 'Altay SK', 'tur', NULL, 2),
('alz', 'UD Alzira', 'spa', NULL, 1),
('ama', 'Amora FC', 'por', NULL, 1),
('amd', 'Amed SFK', 'tur', NULL, 2),
('ame', 'Atlètic Amèrica', 'and', 'atletic_america.png', 5),
('ami', 'Alcione Milano', 'ita', NULL, 1),
('amj', 'Jong Almere City', 'nld', NULL, 2),
('amm', 'Ammanford FC', 'wal', NULL, 4),
('amo', 'SD Amorebieta', 'spa', 'sd_amorebieta.png', 2),
('amr', 'Almere City', 'nld', 'almere_city.png', 3),
('ams', 'Amiens SC', 'fra', 'amiens_sc.png', 2),
('amt', 'Amarante FC', 'por', NULL, 1),
('amv', 'Fremad Amager', 'den', NULL, 2),
('amy', 'Almyros FC', 'gre', NULL, 2),
('ana', 'Anadia FC', 'por', NULL, 1),
('anb', 'SpVgg Ansbach 09', 'ger', NULL, 1),
('anc', 'US Ancona', 'ita', NULL, 1),
('and', 'FC Andorra', 'spa', 'fc_andorra.png', 3),
('ang', 'Angers SCO', 'fra', 'angers_sco.png', 4),
('ang2', 'Angers SCO II', 'fra', NULL, 1),
('anh', 'Annan Athletic', 'sco', NULL, 2),
('ank', 'Ankaraspor', 'tur', NULL, 2),
('ann', 'FC Annecy', 'fra', 'fc_annecy.png', 2),
('ano', 'Altınordu FK', 'tur', NULL, 2),
('ant', 'Antalyaspor', 'tur', NULL, 4),
('aoo', 'LASK Amateure OÖ', 'aut', NULL, 2),
('apk', 'Apollon Kalamarias', 'gre', NULL, 2),
('apl', 'Apollon Limassol', 'cyp', NULL, 5),
('apn', 'APOEL Nicosia', 'cyp', NULL, 5),
('apo', 'KF Apolonia', 'alb', NULL, 4),
('app', 'Omonia Aradippou', 'cyp', NULL, 4),
('ara', 'Ararat Yerevan', 'arm', NULL, 5),
('ara2', 'Ararat Yerevan II', 'arm', NULL, 1),
('arb', 'Arbroath FC', 'sco', NULL, 3),
('arc', 'GS Arconatese', 'ita', NULL, 1),
('ard', 'Arandina CF', 'spa', NULL, 1),
('are', 'CD Arenteiro', 'spa', NULL, 1),
('arg', 'Argeș Pitești', 'rom', NULL, 5),
('arh', 'Armagh City', 'nir', NULL, 3),
('ari', 'Aris FC', 'gre', NULL, 5),
('ark', 'Arka Gdynia', 'pol', 'arka_gdynia.png', 4),
('arm', 'KF Arsimi', 'mkd', NULL, 4),
('arn', 'Arendal Fotball', 'nor', NULL, 2),
('aro', 'FC Arouca', 'por', NULL, 4),
('ars', 'Arsenal FC', 'eng', 'arsenal_fc.png', 5),
('art', 'Ararat-Armenia', 'arm', NULL, 5),
('art2', 'Ararat-Armenia II', 'arm', NULL, 1),
('ary', 'FK Arys', 'kaz', NULL, 3),
('arz', 'Arzignano', 'ita', NULL, 1),
('asa', 'Åsane Fotball', 'nor', NULL, 3),
('asb', 'SV Austria Salzburg', 'aut', NULL, 3),
('asc', 'Ascoli', 'ita', 'ascoli.png', 2),
('ash', 'FC Ashdod', 'isr', NULL, 4),
('asi', 'ASIL Lysi', 'cyp', NULL, 3),
('asm', 'AS Monaco', 'fra', 'as_monaco.png', 5),
('aso', 'Asteras Tripolis', 'gre', NULL, 5),
('ass', 'Assyriska FF', 'swe', NULL, 1),
('ast', 'Aston Villa', 'eng', 'aston_villa.png', 5),
('at2', 'Atalanta BC U23', 'ita', NULL, 1),
('ata', 'Atalanta BC', 'ita', 'atalanta_bc.png', 5),
('ate', 'SKU Amstetten', 'aut', NULL, 3),
('ath', 'Athletic Bilbao', 'spa', 'athletic_bilbao.png', 5),
('ati', 'Asti', 'ita', NULL, 1),
('atl', 'Atlantis FC', 'fin', NULL, 2),
('atm', 'Atlético de Madrid', 'spa', 'atletico_de_madrid.png', 5),
('atm2', 'Atlético de Madrid B', 'spa', NULL, 1),
('atn', 'FK Astana', 'kaz', NULL, 5),
('atn2', 'FK Astana II', 'kaz', NULL, 3),
('atp', 'Atlético CP', 'por', NULL, 2),
('atq', 'Antequera CF', 'spa', NULL, 1),
('atr', 'PAE Atromitos', 'gre', NULL, 4),
('att', 'Attard FC', 'mlt', NULL, 3),
('atv', 'Asteras Stavros', 'gre', NULL, 1),
('aty', 'Atyrau FK', 'kaz', NULL, 4),
('aub', 'TSV Aubstadt', 'ger', NULL, 1),
('aud', 'FK Auda', 'lva', NULL, 5),
('aug', 'FC Augsburg', 'ger', 'fc_augsburg.png', 4),
('aug2', 'FC Augsburg II', 'ger', NULL, 1),
('aut', 'Dinamo-Auto Tiraspol', 'mda', NULL, 4),
('aux', 'AJ Auxerre', 'fra', 'aj_auxerre.png', 4),
('aux2', 'AJ Auxerre II', 'fra', NULL, 1),
('ava', 'BK Avarta', 'den', NULL, 2),
('avb', 'Arnavutköy Belediyespor', 'tur', NULL, 1),
('ave', 'US Avellino', 'ita', 'us_avellino.png', 2),
('avi', 'Avia Świdnik', 'pol', NULL, 1),
('avl', 'Aveley FC', 'eng', NULL, 1),
('avo', 'Avoine OCC', 'fra', NULL, 1),
('avr', 'US Avranches', 'fra', 'us_avranches.png', 2),
('avs', 'AVS', 'por', NULL, 3),
('avz', 'Avezzano', 'ita', NULL, 1),
('awc', 'AWC', 'nld', NULL, 1),
('awi', 'Austria Wien', 'aut', NULL, 5),
('awi2', 'Young Violets Austria Wien', 'aut', NULL, 2),
('axj', 'Jong Ajax', 'nld', NULL, 2),
('ayi', 'AO Ayia Napa', 'cyp', NULL, 3),
('ayn', 'CD Alcoyano', 'spa', NULL, 1),
('ayr', 'Ayr United', 'sco', NULL, 3),
('az', 'AZ Alkmaar', 'nld', 'az_alkmaar.png', 5),
('azb', 'Andrézieux-Bouthéon FC', 'fra', NULL, 1),
('azj', 'Jong AZ', 'nld', NULL, 2),
('azn', 'Araz Naxçıvan', 'aze', NULL, 5),
('azz', 'SS Arezzo', 'ita', NULL, 1),
('b36', 'B36 Tórshavn', 'fro', 'b36_torshavn.png', 5),
('b68', 'B68 Toftir', 'fro', 'b68_toftir.png', 5),
('b93', 'B.93', 'den', NULL, 3),
('bab', 'SV Babelsberg', 'ger', NULL, 1),
('bac', 'CSM Bacău', 'rom', NULL, 1),
('bad', 'FC Baden', 'swi', NULL, 3),
('bag', 'IK Brage', 'swe', NULL, 3),
('bah', 'Bahlinger SC', 'ger', NULL, 1),
('bai', 'FC Barreirense', 'por', NULL, 1),
('bal', 'Bala Town', 'wal', NULL, 5),
('bam', 'FC Eintracht Bamberg', 'ger', NULL, 1),
('ban', 'Baník Ostrava', 'cze', NULL, 5),
('ban2', 'Baník Ostrava B', 'cze', NULL, 2),
('bar', 'FC Barcelona', 'spa', 'fc_barcelona.png', 5),
('bar2', 'FC Barcelona B', 'spa', NULL, 1),
('bas', 'FC Basel', 'swi', NULL, 5),
('bas2', 'FC Basel II', 'swi', NULL, 2),
('bat', 'BATE Borisov', 'blr', NULL, 5),
('bav', 'Partizán Bardejov', 'svk', NULL, 2),
('bay', 'SpVgg Bayreuth', 'ger', NULL, 1),
('bbd', 'Brabrand IF', 'den', NULL, 2),
('bbe', 'FC Breitenrain Bern', 'swi', NULL, 3),
('bbi', 'Belisia Bilzen', 'bel', NULL, 1),
('bbl', 'Borac Banja Luka', 'bih', NULL, 5),
('bbr', 'BSK Bijelo Brdo', 'cro', NULL, 4),
('bbs', 'UD Barbastro', 'spa', NULL, 1),
('bbt', 'Bruk-Bet Termalica Nieciecza', 'pol', 'bruk_bet_termalica_nieciecza.png', 2),
('bbu', 'FK Babrungas', 'ltu', NULL, 4),
('bca', 'NK Bistrica', 'svn', NULL, 4),
('bcb', 'TSV Buchbach', 'ger', NULL, 1),
('bcc', 'Borac Čačak', 'srb', NULL, 2),
('bch', '1. FC Bocholt', 'ger', NULL, 1),
('bci', 'FK Baranovichi', 'blr', NULL, 4),
('bck', 'Blackpool FC', 'eng', 'blackpool_fc.png', 2),
('bco', 'Racing Besançon', 'fra', NULL, 1),
('bcs', 'Bucaspor 1928', 'tur', NULL, 2),
('bcu', 'FC Bassecourt', 'swi', NULL, 1),
('bcy', 'Brechin City', 'sco', NULL, 2),
('bdb', 'Budućnost Dobanovci', 'srb', NULL, 2),
('bdc', 'FK Brodarac', 'srb', NULL, 2),
('bde', 'Betis Deportivo', 'spa', NULL, 1),
('bdf', 'Budafoki MTE', 'hun', NULL, 3),
('bdi', 'Bdin Vidin', 'bul', NULL, 2),
('bdm', 'Bandırmaspor', 'tur', NULL, 3),
('bdr', 'Bodrum FK', 'tur', NULL, 3),
('bdx', 'Girondins de Bordeaux', 'fra', 'girondins_de_bordeaux.png', 3),
('be1', 'Be1 NFA', 'ltu', NULL, 4),
('bea', 'CD Brea', 'spa', NULL, 1),
('beb', 'Benfica e Castelo Branco', 'por', NULL, 1),
('bed', 'Belediye Derincespor', 'tur', NULL, 1),
('bee', 'Beerschot VA', 'bel', NULL, 5),
('bei', 'Beitar Jerusalem', 'isr', NULL, 5),
('bek', 'Békéscsaba 1912 Előre', 'hun', NULL, 2),
('bel', 'GKS Bełchatów', 'pol', 'gks_belchatow.png', 2),
('ben', 'SL Benfica', 'por', NULL, 5),
('ben2', 'SL Benfica B', 'por', NULL, 3),
('beo', 'OFK Beograd', 'srb', NULL, 4),
('bep', 'Bergerac Périgord FC', 'fra', NULL, 1),
('ber', 'Berliner AK', 'ger', NULL, 1),
('bes', 'Beşiktaş JK', 'tur', NULL, 5),
('bet', 'Real Betis', 'spa', 'real_betis.png', 5),
('bev', 'SK Beveren', 'bel', NULL, 5),
('bfa', 'Baltijos Futbolo Akademija', 'ltu', NULL, 4),
('bfc', 'BFC Dynamo', 'ger', NULL, 1),
('bfk', 'FK Berane', 'mne', NULL, 4),
('bfl', 'Briton Ferry Llansawel', 'wal', NULL, 4),
('bfu', 'CF Badalona Futur', 'spa', NULL, 1),
('bga', 'Bregalnica Shtip', 'mkd', NULL, 4),
('bge', 'Blauw Geel \'38', 'nld', NULL, 1),
('bgg', 'FC Avenir Beggen', 'lux', NULL, 3),
('bgl', 'FK Bodø/Glimt', 'nor', NULL, 5),
('bgn', 'US Boulogne CO', 'fra', NULL, 1),
('bgo', 'Bumprom Gomel', 'blr', NULL, 3),
('bgr', 'Bangor FC', 'nir', NULL, 4),
('bgs', 'Burgos CF', 'spa', 'burgos_cf.png', 2),
('bh', 'Brighton & Hove Albion', 'eng', 'brighton_and_hove_albion.png', 4),
('bhl', 'SC Brühl', 'swi', NULL, 3),
('bib', 'FC Biel-Bienne', 'swi', NULL, 3),
('bie', 'ASC Biesheim', 'fra', NULL, 1),
('bif', 'Brøndby IF', 'den', NULL, 5),
('bih', 'Bihor Oradea', 'rom', NULL, 2),
('bij', 'Radnik Bijeljina', 'bih', NULL, 4),
('bil', 'Bilbao Athletic', 'spa', NULL, 1),
('bin', 'Braintree Town', 'eng', NULL, 1),
('bio', 'Stade briochin', 'fra', NULL, 1),
('bir', 'Birmingham City', 'eng', 'birmingham_city.png', 3),
('bis', 'SK Bischofshofen', 'aut', NULL, 2),
('bja', 'FC Bourgoin-Jallieu', 'fra', NULL, 1),
('bje', 'Brinje Grosuplje', 'svn', NULL, 4),
('bjl', 'NK Bjelovar', 'cro', NULL, 2),
('bjz', 'CD Badajoz', 'spa', NULL, 1),
('bka', 'OFK Bačka', 'srb', NULL, 2),
('bkb', 'FK BASK', 'srb', NULL, 2),
('bkh', 'Bukovyna Chernivci', 'ukr', NULL, 3),
('bki', 'Birkirkara FC', 'mlt', 'birkirkara_fc.png', 5),
('bkm', 'BKMA Yerevan', 'arm', NULL, 5),
('bkm2', 'BKMA Yerevan II', 'arm', NULL, 4),
('bko', 'BK Olympic', 'swe', NULL, 2),
('bks', 'BKS Stal Bielsko-Biała', 'pol', NULL, 1),
('bla', 'Atlético Baleares', 'spa', NULL, 1),
('blb', 'Pilica Białobrzegi', 'pol', NULL, 1),
('blc', 'Chernomorec Balchik', 'bul', NULL, 2),
('bld', 'Barakaldo CF', 'spa', NULL, 1),
('ble', 'CS Blejoi', 'rom', NULL, 1),
('blf', 'Arminia Bielefeld', 'ger', NULL, 1),
('blh', 'FK Vilkhivci', 'ukr', NULL, 1),
('bli', 'TSG Balingen', 'ger', NULL, 1),
('blj', 'ND Bilje', 'svn', NULL, 3),
('blk', 'FC Black Stars', 'swi', NULL, 2),
('bll', 'KF Ballkani', 'kos', NULL, 5),
('bln', 'FK Blansko', 'cze', NULL, 1),
('blo', 'Blois Football 41', 'fra', NULL, 1),
('blp', 'Slaven Belupo', 'cro', NULL, 5),
('blr', 'Blackburn Rovers', 'eng', 'blackburn_rovers.png', 3),
('bls', 'FK Beluša', 'svk', NULL, 2),
('blt', 'Bolton Wanderers', 'eng', 'bolton_wanderers.png', 2),
('blu', 'Ballinamallard United', 'nir', NULL, 4),
('bly', 'Blyth Spartans', 'eng', NULL, 1),
('blz', 'Balzan FC', 'mlt', 'balzan_fc.png', 5),
('bmr', 'SC Beira-Mar', 'por', NULL, 1),
('bmu', 'Bayern München', 'ger', 'bayern_munich.png', 5),
('bmu2', 'Bayern München II', 'ger', NULL, 1),
('bnb', 'Banbury United', 'eng', NULL, 1),
('bnc', 'RUS Binche', 'bel', NULL, 1),
('bne', 'VV Baronie', 'nld', NULL, 1),
('bng', 'Banga Gargždai', 'ltu', NULL, 5),
('bnj', 'Bnei Yehuda', 'isr', NULL, 4),
('bnl', 'Barnsley FC', 'eng', NULL, 1),
('bnn', 'SK Brann', 'nor', NULL, 5),
('bnn2', 'SK Brann 2', 'nor', NULL, 1),
('bns', 'Bnei Sakhnin', 'isr', NULL, 4),
('bnt', 'Barnet FC', 'eng', NULL, 1),
('bnv', 'Benevento', 'ita', 'benevento.png', 2),
('bny', 'Bonnyrigg Rose FC', 'sco', NULL, 2),
('bnz', 'SW Bregenz', 'aut', NULL, 4),
('boa', 'Boavista FC', 'por', NULL, 5),
('bob', 'Bobigny BG', 'fra', NULL, 1),
('boc', 'VfL Bochum', 'ger', 'vfl_bochum.png', 4),
('bod', 'Bohemian FC', 'irl', NULL, 5),
('bog', 'Bocholter VV', 'bel', NULL, 1),
('boh', 'Bohemians 1905', 'cze', NULL, 4),
('boh2', 'Bohemians 1905 B', 'cze', NULL, 1),
('bok', 'FK Bokelj', 'mne', NULL, 4),
('bol', 'Bologna FC', 'ita', 'bologna_fc.png', 5),
('bom', 'Bromley FC', 'eng', NULL, 1),
('bop', 'Boluspor', 'tur', NULL, 2),
('bor', 'FC Borgo', 'fra', NULL, 1),
('bos', 'Boston United', 'eng', NULL, 1),
('bot', 'FC Botoșani', 'rom', NULL, 4),
('bou', 'Bournemouth', 'eng', 'bournemouth.png', 4),
('bow', 'Boreham Wood', 'eng', NULL, 1),
('bpe', 'FC Bourg-Péronnas', 'fra', NULL, 1),
('bpo', 'Podlasie Biała Podlaska', 'pol', NULL, 1),
('bpp', 'Budućnost Popovac', 'srb', NULL, 2),
('bpt', 'Belasica Petrich', 'bul', NULL, 3),
('bpx', 'CD Rabo de Peixe', 'por', NULL, 1),
('br', 'Breiðablik UBK', 'ice', NULL, 5),
('bra', 'SC Braga', 'por', NULL, 5),
('bra2', 'SC Braga B', 'por', NULL, 2),
('brb', 'FC Berdenia Berburg', 'lux', NULL, 2),
('brc', 'Bristol City', 'eng', 'bristol_city.png', 2),
('brd', 'Bradford City', 'eng', NULL, 1),
('bre', 'Brentford FC', 'eng', 'brentford_fc.png', 4),
('brg', 'Eintracht Braunschweig', 'ger', 'eintracht_braunschweig.png', 2),
('brh', 'Berchem Sport', 'bel', NULL, 1),
('bri', 'SSC Bari', 'ita', 'ssc_bari.png', 2),
('brj', 'Brønshøj BK', 'den', NULL, 1),
('brk', 'Brackley Town', 'eng', NULL, 1),
('brl', 'KF Burreli', 'alb', NULL, 4),
('brm', 'Broń Radom', 'pol', NULL, 1),
('brn', 'Brindisi FC', 'ita', NULL, 1),
('bro', 'IF Brommapojkarna', 'swe', NULL, 4),
('brr', 'Bremer SV', 'ger', NULL, 1),
('brs', 'Stade brestois', 'fra', 'stade_brestois.png', 4),
('brt', 'Brito SC', 'por', NULL, 1),
('bru', 'FC Bruno\'s Magpies', 'gib', 'fc_brunos_magpies.png', 5),
('brv', 'Bristol Rovers', 'eng', NULL, 1),
('brw', 'Barrow AFC', 'eng', NULL, 1),
('bry', 'Bryne FK', 'nor', NULL, 4),
('brz', 'Sokol Brozany', 'cze', NULL, 1),
('bs', 'KS Besa', 'alb', NULL, 3),
('bsa', 'İstanbul Başakşehir', 'tur', NULL, 5),
('bsc', 'Brescia', 'ita', 'brescia.png', 2),
('bsd', 'KF Besa', 'mkd', NULL, 4),
('bsf', 'Bishop\'s Stortford FC', 'eng', NULL, 1),
('bsg', 'Błękitni Stargard', 'pol', NULL, 1),
('bsh', 'KF Bashkimi', 'mkd', NULL, 4),
('bsi', 'FK Belasica', 'mkd', NULL, 4),
('bsk', 'BSK Banja Luka', 'bih', NULL, 3),
('bss', 'FC Bassano 1903', 'ita', NULL, 1),
('bst', 'SC Bastia', 'fra', 'sc_bastia.png', 3),
('bsz', 'Beroe Stara Zagora', 'bul', NULL, 5),
('btc', 'Bicskei TC', 'hun', NULL, 2),
('bth', 'Bath City', 'eng', NULL, 1),
('bti', 'ND Beltinci', 'svn', NULL, 4),
('btr', 'FK Beitar', 'lva', NULL, 4),
('bts', 'FC Bălți', 'mda', NULL, 5),
('btt', 'Sporting Bettemburg', 'lux', 'sporting_bettemburg.png', 4),
('btu', 'Barry Town United', 'wal', NULL, 5),
('btv', 'Botev Plovdiv', 'bul', NULL, 4),
('bua', 'Bursaspor', 'tur', NULL, 1),
('buc', 'Bucovina Rădăuți', 'rom', NULL, 2),
('bud', 'Budućnost Podgorica', 'mne', NULL, 5),
('bug', 'Bourges Foot 18', 'fra', NULL, 1),
('buj', 'Bielshyna Bobrujsk', 'blr', NULL, 3),
('bul', 'FC Bulle', 'swi', NULL, 2),
('bun', 'Ballymena United', 'nir', NULL, 4),
('bur', 'Burnley FC', 'eng', 'burnley_fc.png', 4),
('bus', 'Brusaporto', 'ita', NULL, 1),
('but', 'Burton Albion', 'eng', NULL, 1),
('bux', 'Buxton FC', 'eng', NULL, 1),
('buz', 'Gloria Buzău', 'rom', NULL, 3),
('bvg', 'Brattvåg IL', 'nor', NULL, 2),
('bvi', 'Budućnost Banovići', 'bih', NULL, 4),
('bvo', 'NK Bravo', 'svn', NULL, 5),
('bvr', 'Botev Vraca', 'bul', NULL, 4),
('bvs', 'FC Bavois', 'swi', NULL, 2),
('bvv', 'BVV Barendrecht', 'nld', NULL, 1),
('bwf', 'FC BW Feldkirch', 'aut', NULL, 1),
('bwl', 'Blau-Weiß Linz', 'aut', NULL, 4),
('byc', 'Beyoğlu Yeni Çarşı FK', 'tur', NULL, 1),
('byl', 'KF Bylis', 'alb', NULL, 4),
('byo', 'Odra Bytom Odrzański', 'pol', NULL, 1),
('byw', 'Bray Wanderers', 'irl', NULL, 4),
('bzg', 'BVSC-Zugló', 'hun', NULL, 3),
('bzs', 'FC Balzers', 'lie', NULL, 4),
('ca', 'FC Pas de la Casa', 'and', 'fc_pas_de_la_casa.png', 5),
('cad', 'Cádiz CF', 'spa', 'cadiz_cf.png', 4),
('cae', 'SM Caen', 'fra', 'sm_caen.png', 2),
('cag', 'Cagliari', 'ita', 'cagliari.png', 4),
('cai', 'SP Cailungo', 'smr', 'sp_cailungo.png', 4),
('cal', 'CD Calahorra', 'spa', NULL, 1),
('cam', 'SC Cambuur', 'nld', 'sc_cambuur.png', 3),
('can', 'FC Jeunesse Canach', 'lux', NULL, 3),
('car', 'FC Cartagena', 'spa', 'fc_cartagena.png', 2),
('car2', 'FC Cartagena B', 'spa', NULL, 1),
('cas', 'Casarano', 'ita', NULL, 1),
('cat', 'Catanzaro', 'ita', 'catanzaro.png', 3),
('cav', 'Cavese 1919', 'ita', NULL, 1),
('cay', 'CD Cayón', 'spa', NULL, 1),
('cba', 'FC Concordia Bâle', 'swi', NULL, 2),
('cbd', 'Cambridge United', 'eng', NULL, 1),
('cbg', 'Chernomorec Burgas', 'bul', NULL, 3),
('cbh', 'Cobh Ramblers FC', 'irl', NULL, 4),
('cbl', 'Concordia Elbląg', 'pol', NULL, 1),
('cbu', 'Dynamo České Budějovice', 'cze', NULL, 4),
('cbu2', 'Dynamo České Budějovice B', 'cze', NULL, 1),
('cce', 'CP Cacereño', 'spa', NULL, 1),
('cch', 'Chojniczanka Chojnice', 'pol', 'chojniczanka_chojnice.png', 1),
('cck', 'Carrick Rangers FC', 'nir', NULL, 5),
('cda', 'Campodarsego', 'ita', NULL, 1),
('cdc', 'Cardiff City', 'eng', 'cardiff_city.png', 2),
('cdf', 'FC La Chaux-de-Fonds', 'swi', NULL, 2),
('cds', 'Caldas SC', 'por', NULL, 2),
('cee', 'CE Europa', 'spa', NULL, 1),
('cel', 'Celtic FC', 'sco', NULL, 5),
('cep', 'NK Čepin', 'cro', NULL, 2),
('cer', 'Cercle Brugge', 'bel', NULL, 4),
('cer2', 'Jong Cercle', 'bel', NULL, 1),
('ces', 'Cesena FC', 'ita', 'cesena_fc.png', 2),
('ceu', 'AD Ceuta FC', 'spa', NULL, 1),
('cfi', 'CF Intercity', 'spa', NULL, 1),
('cfr', 'CFR Cluj', 'rom', NULL, 5),
('cgu', 'Carina Gubin', 'pol', NULL, 1),
('cha', 'Sporting Charleroi', 'bel', NULL, 4),
('cha2', 'Zébra Élites Charleroi', 'bel', NULL, 2),
('chb', 'FC Chambly Oise', 'fra', NULL, 1),
('chc', 'FK Chlumec nad Cidlinou', 'cze', NULL, 1),
('che', 'Chelsea FC', 'eng', 'chelsea_fc.png', 5),
('chg', 'Chrobry Głogów', 'pol', 'chrobry_glogow.png', 2),
('chh', 'Cheltenham Town', 'eng', NULL, 1),
('chi', 'Chindia Târgoviște', 'rom', NULL, 4),
('chj', 'Concordia Chiajna', 'rom', NULL, 3),
('chl', 'Chełmianka Chełm', 'pol', NULL, 1),
('chm', 'Chemnitzer FC', 'ger', 'chemnitzer_fc.png', 1),
('chn', 'FK Chernihiv', 'ukr', NULL, 2),
('cho', 'Chornomorec Odesa', 'ukr', NULL, 5),
('chp', 'Chippenham Town', 'eng', NULL, 1),
('chr', 'Chesterfield AFC', 'eng', NULL, 1),
('chs', 'Chester FC', 'eng', NULL, 1),
('cht', 'Charlton Athletic', 'eng', NULL, 1),
('chu', 'LB Châteauroux', 'fra', NULL, 1),
('chv', 'GD Chaves', 'por', NULL, 5),
('chy', 'Chorley FC', 'eng', NULL, 1),
('cib', 'Cibalia Vinkovci', 'cro', NULL, 4),
('cie', 'Chieti FC', 'ita', NULL, 1),
('cig', 'Cigánd SE', 'hun', NULL, 2),
('cit', 'AS Cittadella', 'ita', 'as_cittadella.png', 2),
('cka', 'Samgurali Ckaltubo', 'geo', NULL, 5),
('ckr', 'FK Čukarički', 'srb', NULL, 5),
('clb', 'Club Brugge', 'bel', NULL, 5),
('clc', 'Colchester United', 'eng', NULL, 1),
('cld', 'Caldiero', 'ita', NULL, 1),
('cle', 'Clermont Foot', 'fra', 'clermont_foot.png', 3),
('clg', 'College 1975', 'gib', 'college_1975.png', 5),
('cli', 'Cliftonville FC', 'nir', NULL, 5),
('clj', 'NK Celje', 'svn', NULL, 5),
('clm', 'Chelmsford City', 'eng', NULL, 1),
('clo', 'Union Clodiense CS', 'ita', NULL, 1),
('clr', 'SR Colmar', 'fra', NULL, 1),
('clv', 'Celta de Vigo', 'spa', 'celta_de_vigo.png', 5),
('clv2', 'Celta de Vigo B', 'spa', NULL, 1),
('cly', 'Clyde FC', 'sco', NULL, 2),
('cmh', 'AD Camacha', 'por', NULL, 1),
('cmi', 'Cádiz CF Mirandilla', 'spa', NULL, 1),
('cmp', 'SD Compostela', 'spa', NULL, 1),
('cmu', 'Cardiff Metropolitan University FC', 'wal', NULL, 5),
('cnc', 'US Concarneau', 'fra', 'us_concarneau.png', 2),
('cne', 'CF Canelas 2010', 'por', NULL, 2),
('cnf', 'Caernarfon Town', 'wal', NULL, 5),
('cnn', 'AS Cannes', 'fra', NULL, 1),
('cob', 'Córdoba CF', 'spa', 'cordoba_cf.png', 2),
('cof', 'FC Coffrane', 'swi', NULL, 1),
('coi', 'Académica de Coimbra', 'por', NULL, 2),
('cok', 'Cork City', 'irl', NULL, 5),
('col', 'Coleraine FC', 'nir', NULL, 5),
('com', 'Como 1907', 'ita', 'como_1907.png', 3),
('cor', 'Çorum FK', 'tur', NULL, 3),
('cos', 'SS Cosmos', 'smr', 'ss_cosmos.png', 5),
('cot', 'SO Cholet', 'fra', NULL, 1),
('cou', 'FC Courtételle', 'swi', NULL, 1),
('cov', 'Coventry City', 'eng', 'coventry_city.png', 3),
('cpb', 'Campobasso FC', 'ita', NULL, 1),
('cpi', 'Casa Pia AC', 'por', NULL, 5),
('cpn', 'Ceahlăul Piatra Neamț', 'rom', NULL, 3),
('cpo', 'Czarni Połaniec', 'pol', NULL, 1),
('cpp', 'Royal Cappellen FC', 'bel', NULL, 2),
('cqn', 'Connah’s Quay Nomads FC', 'wal', NULL, 5),
('cra', 'Cracovia', 'pol', 'cracovia.png', 5),
('cre', 'US Cremonese', 'ita', 'us_cremonese.png', 3),
('crg', 'Cerignola', 'ita', NULL, 1),
('crl', 'Carlisle United', 'eng', NULL, 1),
('cro', 'CE Carroi', 'and', 'ce_carroi.png', 4),
('crp', 'AC Carpi', 'ita', NULL, 1),
('crr', 'Carrarese', 'ita', 'carrarese.png', 2),
('crt', 'FC Crotone', 'ita', NULL, 1),
('cru', 'Crusaders FC', 'nir', NULL, 5),
('crv', 'FK Crvena zvezda', 'srb', NULL, 5),
('crw', 'Crewe Alexandra', 'eng', NULL, 1),
('crx', 'Coruxo FC', 'spa', NULL, 1),
('cry', 'Crystal Palace', 'eng', 'crystal_palace.png', 4),
('csa', 'FC Csákvár', 'hun', NULL, 4),
('csd', 'CS Dinamo București', 'rom', NULL, 2),
('csi', 'Victoria Chișinău', 'mda', NULL, 5),
('csk', 'CSKA 1948 Sofia', 'bul', NULL, 5),
('csk2', 'CSKA 1948 Sofia II', 'bul', NULL, 3),
('csn', 'Cosenza', 'ita', 'cosenza.png', 3),
('csr', 'Casertana FC', 'ita', NULL, 1),
('css', 'CSKA Sofia', 'bul', NULL, 5),
('cst', 'CD Castellón', 'spa', 'cd_castellon.png', 2),
('csz', 'Csíkszereda Miercurea Ciuc', 'rom', NULL, 3),
('ctc', 'US Corticella', 'ita', NULL, 1),
('ctn', 'Catania FC', 'ita', NULL, 1),
('ctp', 'SC City Pirates', 'bel', NULL, 1),
('ctt', 'Energie Cottbus', 'ger', NULL, 1),
('cul', 'Cultural Leonesa', 'spa', NULL, 1),
('cur', 'Curzon Ashton', 'eng', NULL, 1),
('cva', 'Cerdanyola del Vallès FC', 'spa', NULL, 1),
('cvc', 'OK Častkovce', 'svk', NULL, 1),
('cvd', 'CD Covadonga', 'spa', NULL, 1),
('cve', 'Cove Rangers', 'sco', NULL, 3),
('cvh', 'SC Covilhã', 'por', NULL, 2),
('cvr', 'Città di Varese', 'ita', NULL, 1),
('cwl', 'Crawley Town', 'eng', NULL, 1),
('cwy', 'Colwyn Bay', 'wal', NULL, 4),
('czr', 'Noteć Czarnków', 'pol', NULL, 1),
('dab', 'FC Dabas', 'hun', NULL, 2),
('dac', 'Dacia Buiucani', 'mda', NULL, 5),
('dak', 'Digenis Akritas Morphou', 'cyp', NULL, 3),
('dal', 'Deportivo Alavés', 'spa', 'deportivo_alaves.png', 4),
('dal2', 'Deportivo Alavés B', 'spa', NULL, 1),
('dar', 'SV Darmstadt', 'ger', 'sv_darmstadt.png', 3),
('dat', 'Dunfermline Athletic', 'sco', NULL, 4),
('dau', 'BFC Daugavpils', 'lva', NULL, 5),
('dba', 'Dinamo Batumi', 'geo', NULL, 5),
('dbb', 'Dukla Banská Bystrica', 'svk', NULL, 5),
('dbc', 'Wisłoka Dębica', 'pol', NULL, 1),
('dbe', 'AC Dolomiti Bellunesi', 'ita', NULL, 1),
('dbo', 'FC Den Bosch', 'nld', 'fc_den_bosch.png', 3),
('dbr', 'Dynama Brest', 'blr', NULL, 5),
('dbt', 'Dumbarton FC', 'sco', NULL, 2),
('dbu', 'Dinamo București', 'rom', NULL, 5),
('dbv', 'FK Dubnica nad Váhom', 'svk', NULL, 3),
('dca', 'Dunărea Călărași', 'rom', NULL, 2),
('dch', 'Speranța Drochia', 'mda', NULL, 4),
('dco', 'Deportivo de La Coruña', 'spa', NULL, 1),
('dde', 'Dundela FC', 'nir', NULL, 4),
('dds', 'DAC Dunajská Streda', 'svk', NULL, 5),
('de1', 'SU 1º Dezembro', 'por', NULL, 1),
('deb', 'Debreceni VSC', 'hun', NULL, 5),
('deb2', 'Debreceni VSC II', 'hun', NULL, 2),
('dec', 'FK Dečić', 'mne', NULL, 5),
('dee', 'Debreceni EAC', 'hun', NULL, 1),
('deg', 'Degerfors IF', 'swe', NULL, 3),
('dei', 'KMSK Deinze', 'bel', NULL, 3),
('del', 'SR Delémont', 'swi', NULL, 3),
('dem', 'RKVV DEM', 'nld', NULL, 1),
('den', 'FCV Dender EH', 'bel', NULL, 3),
('der', 'Derby County', 'eng', 'derby_county.png', 2),
('des', 'KFC Dessel Sport', 'bel', NULL, 2),
('deu', 'Deutschlandsberger SC', 'aut', NULL, 2),
('dev', 'CSM Deva', 'rom', NULL, 2),
('dfa', 'RC Deportivo Fabril', 'spa', NULL, 1),
('dfi', 'Difai FK', 'aze', NULL, 4),
('dfk', 'DFK Dainava', 'ltu', NULL, 5),
('dfv', 'FC Dunaföldvár', 'hun', NULL, 2),
('dfz', 'KF Dinamo Ferizaj', 'kos', NULL, 4),
('dga', 'Djurgårdens IF', 'swe', 'djurgardens_if.png', 5),
('dgi', 'Dorogi FC', 'hun', NULL, 1),
('dgr', 'Dagenham & Redbridge', 'eng', NULL, 1),
('dgu', 'Dunărea Giurgiu', 'rom', NULL, 1),
('dhi', 'Arsienal Dziarzhynsk', 'blr', NULL, 4),
('dia', 'Diagoras Rodos', 'gre', NULL, 3),
('die', 'Diegem Sport', 'bel', NULL, 1),
('dif', 'FC Differdange 03', 'lux', 'fc_differdange_03.png', 5),
('dij', 'Dijon FCO', 'fra', 'dijon_fco.png', 2),
('dik', 'KSC Dikkelvenne', 'bel', NULL, 1),
('dil', 'Dila Gori', 'geo', NULL, 5),
('din', 'Dinamo Zagreb', 'cro', NULL, 5),
('dio', 'Diósgyőri VTK', 'hun', NULL, 4),
('dit', 'FC Dietikon', 'swi', NULL, 1),
('diy', 'Diyarbekirspor', 'tur', NULL, 1),
('dka', 'KF Dukagjini', 'kos', NULL, 5),
('dkc', 'Đakovo Croatia', 'cro', NULL, 2),
('dku', 'MFK Dolný Kubín', 'svk', NULL, 2),
('dkv', 'Dynamo Kyiv', 'ukr', NULL, 5),
('dlb', 'Niva Dolbizno', 'blr', NULL, 3),
('dlu', 'Dalum IF', 'den', NULL, 1),
('dmb', 'CSC Dumbrăvița', 'rom', NULL, 3),
('dmh', 'Dniapro Mohylew', 'blr', NULL, 4),
('dmi', 'Dynama Minsk', 'blr', NULL, 5),
('dmy', 'Druzhba Myrivka', 'ukr', NULL, 2),
('dmz', 'NK Domžale', 'svn', NULL, 5),
('dn1', 'SK Dnipro-1', 'ukr', NULL, 5),
('dnb', 'FC Dornbirn 1913', 'aut', NULL, 3),
('dnc', 'Doncaster Rovers', 'eng', NULL, 1),
('dne', 'Dundee FC', 'sco', NULL, 5),
('dni', 'Denizlispor', 'tur', NULL, 1),
('dnn', 'Dungannon Swifts FC', 'nir', NULL, 5),
('dnu', 'Dundee United', 'sco', NULL, 5),
('dnv', 'Dunav Ruse', 'bul', NULL, 3),
('dob', 'Dobrudzha Dobrich', 'bul', NULL, 3),
('dok', 'Dorking Wanderers', 'eng', NULL, 1),
('dom', 'FC Domagnano', 'smr', 'fc_domagnano.png', 5),
('don', 'SR Donaufeld Wien', 'aut', NULL, 2),
('dor', 'Borussia Dortmund', 'ger', 'borussia_dortmund.png', 5),
('dor2', 'Borussia Dortmund II', 'ger', NULL, 2),
('dov', 'DOVO', 'nld', NULL, 1),
('dox', 'Doxa Katokopia', 'cyp', NULL, 4),
('dra', 'ASV Draßburg', 'aut', NULL, 1),
('drc', 'KF Drenica', 'kos', NULL, 4),
('drd', 'FC Dordrecht', 'nld', 'fc_dordrecht.png', 3),
('dre', 'Dynamo Dresden', 'ger', 'dynamo_dresden.png', 2),
('drg', 'FK Dinamo Riga', 'lva', NULL, 4),
('dri', 'Drita Gjilan', 'kos', NULL, 5),
('drl', 'Darlington FC', 'eng', NULL, 1),
('drn', 'Dornbirner SV', 'aut', NULL, 1),
('dro', 'SV Drochtersen/Assel', 'ger', NULL, 1),
('drr', 'Derry City', 'irl', NULL, 5),
('drt', 'Dartford FC', 'eng', NULL, 1),
('dru', 'Drogheda United', 'irl', NULL, 5),
('drv', 'NK Dubrava', 'cro', NULL, 4),
('drz', 'Družstevník Veľké Ludince', 'svk', NULL, 1),
('dse', 'NK Dugo Selo', 'cro', NULL, 3),
('dtb', 'Dinamo Tbilisi', 'geo', NULL, 5),
('dtb2', 'Dinamo Tbilisi-2', 'geo', NULL, 4),
('dti', 'Dinamo Tirana', 'alb', NULL, 5),
('dub', 'GFK Dubočica', 'srb', NULL, 3),
('dud', 'F91 Dudelange', 'lux', 'f91_dudelange.png', 5),
('dug', 'NK Dugopolje', 'cro', NULL, 4),
('dui', 'MSV Duisburg', 'ger', NULL, 1),
('duk', 'Dukla Praha', 'cze', NULL, 4),
('duk2', 'Dukla Praha B', 'cze', NULL, 1),
('dum', 'Dumiense FC', 'por', NULL, 1),
('dun', 'Dundalk FC', 'irl', NULL, 5),
('duq', 'USL Dunkerque', 'fra', 'usl_dunkerque.png', 2),
('dur', '1. FC Düren', 'ger', NULL, 1),
('duz', 'Düzcespor', 'tur', NULL, 1),
('dvi', 'Dergview FC', 'nir', NULL, 3),
('dvn', 'ND Dravinja', 'svn', NULL, 4),
('dvr', 'Dover Athletic', 'eng', NULL, 1),
('dwy', 'Dinaz Wyshhorod', 'ukr', NULL, 2),
('dzi', 'Telšių Džiugas', 'ltu', NULL, 5),
('eab', 'Eastbourne Borough', 'eng', NULL, 1),
('eal', 'Eastleigh FC', 'eng', NULL, 1),
('ebb', 'Ebbsfleet United', 'eng', NULL, 1),
('ebe', 'Etimesgut Belediyespor', 'tur', NULL, 1),
('ebn', 'AF Elbasani', 'alb', NULL, 4),
('ebs', 'EB/Streymur', 'fro', 'eb_streymur.png', 5),
('ecr', 'FC Échallens Région', 'swi', NULL, 2),
('edi', 'Edinburgh City', 'sco', NULL, 3),
('eem', 'VV Eemdijk', 'nld', NULL, 1),
('een', 'Eendracht Aalst', 'bel', NULL, 1),
('efc', 'Europa FC', 'gib', 'europa_fc.png', 5),
('efi', 'East Fife FC', 'sco', NULL, 2),
('ega', 'AO Egaleo', 'gre', NULL, 3),
('ege', 'Egersunds IK', 'nor', NULL, 2),
('egn', 'Egnatia Rrogozhinë', 'alb', NULL, 5),
('egu', 'CD Valle de Egüés', 'spa', NULL, 1),
('eib', 'SD Eibar', 'spa', 'sd_eibar.png', 3),
('eid', 'Eidsvold Turn', 'nor', NULL, 1),
('eik', 'Eik Tønsberg', 'nor', NULL, 1),
('eil', 'FC Eilenburg', 'ger', NULL, 1),
('eim', 'Eimsbütteler TV', 'ger', NULL, 1),
('eis', 'Patro Eisden', 'bel', NULL, 3),
('ekb', 'East Kilbride', 'sco', NULL, 2),
('eke', 'Ekenäs IF', 'fin', NULL, 4),
('eki', 'Ekibastuz FK', 'kaz', NULL, 3),
('ekm', 'Eskilsminne IF', 'swe', NULL, 2),
('ekp', 'Epicentr Kamianec-Podilskyj', 'ukr', NULL, 3),
('ekr', 'FK Ekranas', 'ltu', NULL, 4),
('elb', 'Olimpia Elbląg', 'pol', 'olimpia_elblag.png', 2),
('elc', 'Elche CF', 'spa', 'elche_cf.png', 2),
('eld', 'CD Eldense', 'spa', 'cd_eldense.png', 2),
('ele', 'TWL Elektra', 'aut', NULL, 1),
('elf', 'IF Elfsborg', 'swe', NULL, 5),
('elg', 'Elgin City', 'sco', NULL, 2),
('elo', 'BKV Előre SC', 'hun', NULL, 1),
('elt', 'Elana Toruń', 'pol', 'elana_torun.png', 1),
('elv', 'SV Elversberg', 'ger', 'sv_elversberg.png', 3),
('emb', 'FC Emmenbrücke', 'swi', NULL, 1),
('eml', 'DVS \'33 Ermelo', 'nld', NULL, 1),
('emm', 'FC Emmen', 'nld', 'fc_emmen.png', 3),
('emp', 'Empoli FC', 'ita', 'empoli_fc.png', 4),
('ene', 'Eniergietyk-BDU Minsk', 'blr', NULL, 4),
('enk', 'Ethnikos Neo Keramidi', 'gre', NULL, 2),
('eno', 'Enosis Neon Paralimni', 'cyp', NULL, 4),
('ent', 'Virtus Entella', 'ita', NULL, 1),
('epa', 'El Palo FC', 'spa', NULL, 1),
('epi', 'SAS Épinal', 'fra', NULL, 1),
('epo', 'Europa Point', 'gib', 'europa_point.png', 5),
('eps', 'Espoon Palloseura', 'fin', NULL, 2),
('ere', 'KF Prishtina e Re', 'kos', NULL, 4),
('erf', 'FC Rot-Weiß Erfurt', 'ger', 'rot_weiss_erfurt.png', 1),
('eri', 'AS Giana Erminio', 'ita', NULL, 1),
('erm', 'Ermis Aradippou', 'cyp', NULL, 3),
('erz', 'Erzurumspor FK', 'tur', NULL, 3),
('es', 'Esperança d’Andorra', 'and', 'esperanca_dandorra.png', 5),
('esb', 'Esbjerg fB', 'den', NULL, 4),
('ese', 'Esenler Erokspor', 'tur', NULL, 2),
('esh', 'USV Eschen/Mauren', 'lie', NULL, 4),
('esk', 'AFC Eskilstuna', 'swe', NULL, 3),
('esm', 'ESMTK', 'hun', NULL, 2),
('esp', 'RCD Espanyol', 'spa', 'rcd_espanyol.png', 4),
('esp2', 'RCD Espanyol B', 'spa', NULL, 1),
('ess', 'Rot-Weiss Essen', 'ger', 'rot_weiss_essen.png', 2),
('est', 'GD Estoril Praia', 'por', NULL, 4),
('esy', 'Ellas Syros', 'gre', NULL, 1),
('eta', 'Etyr Veliko Tyrnovo', 'bul', NULL, 4),
('eth', 'Ethnikos Achna', 'cyp', NULL, 4),
('eti', 'AS Saint-Étienne', 'fra', 'as_saint_etienne.png', 4),
('eto', 'Étoile Carouge FC', 'swi', NULL, 3),
('etp', 'CD Estepona', 'spa', NULL, 1),
('etr', 'Estrela da Amadora', 'por', NULL, 4),
('etz', 'Etzella Ettelbruck', 'lux', 'etzella_ettelbruck.png', 4),
('eup', 'KAS Eupen', 'bel', NULL, 4),
('eva', 'FC Elva', 'est', NULL, 4),
('eve', 'Everton FC', 'eng', 'everton_fc.png', 5),
('exc', 'Excelsior', 'nld', 'excelsior.png', 4),
('exe', 'Exeter City', 'eng', NULL, 1),
('exm', 'Excelsior Maassluis', 'nld', NULL, 1),
('eyu', 'Eyüpspor', 'tur', NULL, 3),
('eze', 'Erzeni Shijak', 'alb', NULL, 5),
('ezg', 'FC Erzgebirge Aue', 'ger', 'fc_erzgebirge_aue.png', 2),
('fa0', 'FA 2000', 'den', NULL, 2),
('fae', 'SC Faetano', 'smr', 'sc_faetano.png', 4),
('faf', 'AD Fafe', 'por', NULL, 2),
('fal', 'FC Fălești', 'mda', NULL, 4),
('fam', 'FC Famalicão', 'por', NULL, 5),
('fap', 'FK FAP', 'srb', NULL, 2),
('far', 'Farul Constanța', 'rom', NULL, 5),
('fav', 'Favoritner AC', 'aut', NULL, 1),
('fba', 'Fabril de Barreiro', 'por', NULL, 1),
('fbh', 'FC Freienbach', 'swi', NULL, 1),
('fbk', 'FBK Karlstad', 'swe', NULL, 1),
('fbo', 'Francs Borains', 'bel', NULL, 3),
('fce', 'FC Eindhoven', 'nld', 'fc_eindhoven.png', 2),
('fcn', 'FC Nordsjælland', 'den', NULL, 5),
('fcs', 'FCSB', 'rom', NULL, 5),
('fcu', 'FC U Craiova 1948', 'rom', NULL, 4),
('fcv', 'FC Vaduz', 'lie', 'fc_vaduz.png', 5),
('fdc', 'FC Fredericia', 'den', NULL, 4),
('fdd', 'Floridsdorfer AC', 'aut', NULL, 4),
('fdr', 'Frederikssund IK', 'den', NULL, 1),
('fdu', 'Fortuna Düsseldorf', 'ger', 'fortuna_duesseldorf.png', 3),
('fdu2', 'Fortuna Düsseldorf II⁠', 'ger', NULL, 1),
('feh', 'UFC Fehring', 'aut', NULL, 1),
('fei', 'CD Feirense', 'por', NULL, 2),
('fel', 'FC Felgueiras 1932', 'por', NULL, 2),
('fem', 'BK Frem', 'den', NULL, 2),
('fen', 'Fenerbahçe SK', 'tur', NULL, 5),
('fer', 'Ferencvárosi TC', 'hun', NULL, 5),
('fer2', 'Ferencvárosi TC II', 'hun', NULL, 2),
('fet', 'Fethiyespor', 'tur', NULL, 1),
('fey', 'Feyenoord', 'nld', 'feyenoord.png', 5),
('fff', 'Falkenbergs FF', 'swe', NULL, 1),
('fga', 'US Follonica Gavorrano', 'ita', NULL, 1),
('fgn', 'Entente Feignies Aulnoye FC', 'fra', NULL, 1),
('fgr', 'Forest Green Rovers', 'eng', NULL, 1),
('fgu', 'Fgura United', 'mlt', 'fgura_united.png', 4),
('fh', 'FH', 'ice', NULL, 4),
('fhl', 'FC Helsingør', 'den', NULL, 4),
('fhr', 'FC Hermannstadt', 'rom', NULL, 4),
('fil', 'FTC Fiľakovo', 'svk', NULL, 2),
('fio', 'ACF Fiorentina', 'ita', 'acf_fiorentina.png', 5),
('fjo', 'Fjölnir', 'ice', NULL, 4),
('fka', 'Fatih Karagümrük SK', 'tur', NULL, 5),
('fkh', 'FK Haugesund', 'nor', NULL, 4),
('fkm', 'FK Minsk', 'blr', NULL, 5),
('fko', 'SC Fortuna Köln', 'ger', NULL, 1),
('fkp', 'FK Příbram', 'cze', NULL, 3),
('fla', 'Flamurtari FC', 'alb', NULL, 4),
('fle', 'FC Fleury 91', 'fra', NULL, 1),
('flg', 'Florgrade FC', 'por', NULL, 1),
('flh', 'SG Barockstadt Fulda-Lehnerz', 'ger', NULL, 1),
('fli', 'Flint Town United', 'wal', NULL, 4),
('flk', 'Falkirk FC', 'sco', NULL, 3),
('fll', 'Follo FK', 'nor', NULL, 1),
('flo', 'Flora Tallinn', 'est', NULL, 5),
('flo2', 'Flora Tallinn U21', 'est', NULL, 4),
('flr', 'FC Florești', 'mda', NULL, 5),
('fls', 'CSO Filiași', 'rom', NULL, 1),
('flt', 'Șomuz Fălticeni', 'rom', NULL, 1),
('flw', 'Fleetwood Town', 'eng', NULL, 1),
('fly', 'Flyeralarm Admira', 'aut', NULL, 3),
('fme', 'SD Formentera', 'spa', NULL, 1),
('fmr', 'Fram Reykjavík', 'ice', NULL, 5),
('fna', 'Floriana FC', 'mlt', 'floriana_fc.png', 5),
('fnh', 'GD Fontinhas', 'por', NULL, 1),
('fnk', 'KF Feronikeli', 'kos', NULL, 5),
('fnn', 'Finn Harps FC', 'irl', NULL, 4),
('fno', '1. BFK Frýdlant nad Ostravicí', 'cze', NULL, 1),
('fnx', 'Feniks Pidmonastyr', 'ukr', NULL, 1),
('foc', 'CSM Focșani', 'rom', NULL, 2),
('fog', 'Foggia', 'ita', NULL, 1),
('fol', 'Fola Esch', 'lux', 'fola_esch.png', 5),
('fom', 'Fomat Martin', 'svk', NULL, 2),
('for', 'FC Forlì', 'ita', NULL, 1),
('foy', 'Fløy IL', 'nor', NULL, 2),
('fpf', 'FAPF Ivano-Frankivsk', 'ukr', NULL, 1),
('fpl', 'Feralpisalò', 'ita', 'feralpisalo.png', 2),
('fra', 'Eintracht Frankfurt', 'ger', 'eintracht_frankfurt.png', 5),
('fra2', 'Eintracht Frankfurt II', 'ger', NULL, 1),
('frb', 'Farnborough FC', 'eng', NULL, 1),
('frc', 'Virtus Francavilla', 'ita', NULL, 1),
('frd', 'Fredrikstad FK', 'nor', NULL, 5),
('fre', 'SGV Freiberg', 'ger', NULL, 1),
('frf', 'Forfar Athletic', 'sco', NULL, 2),
('frg', 'SC Freiburg', 'ger', 'sc_freiburg.png', 4),
('frg2', 'SC Freiburg II', 'ger', NULL, 1),
('frm', 'Fermana FC', 'ita', NULL, 1),
('frn', 'US Fiorenzuola', 'ita', NULL, 1),
('fro', 'Frosinone', 'ita', 'frosinone.png', 3),
('frr', 'Racing de Ferrol', 'spa', 'racing_de_ferrol.png', 2),
('frs', 'Farsley Celtic', 'eng', NULL, 1),
('fry', 'FK Frýdek-Místek', 'cze', NULL, 2),
('fse', 'SC Farense', 'por', NULL, 4),
('fsh', 'KF Fushë Kosova', 'kos', NULL, 5),
('fsj', 'FS Jelgava', 'lva', NULL, 5),
('fsv', 'FSV Frankfurt', 'ger', NULL, 1),
('fto', 'FC Fiorentino', 'smr', 'fc_fiorentino.png', 4),
('fua', 'AS Furiani-Agliani', 'fra', NULL, 1),
('fue', 'CF Fuenlabrada', 'spa', NULL, 1),
('ful', 'Fulham FC', 'eng', 'fulham_fc.png', 4),
('fur', 'SpVgg Greuther Fürth', 'ger', 'spvgg_greuther_fuerth.png', 2),
('fur2', 'SpVgg Greuther Fürth II', 'ger', NULL, 1),
('fut', 'RSCA Futures', 'bel', NULL, 3),
('fuz', 'NK Fužinar', 'svn', NULL, 3),
('fvi', 'First Vienna FC', 'aut', NULL, 4),
('fvl', 'Friska Viljor FC', 'swe', NULL, 1),
('fyk', 'Fylkir Reykjavík', 'ice', NULL, 5),
('fyl', 'AFC Fylde', 'eng', NULL, 1),
('fzj', 'KF Ferizaj', 'kos', NULL, 4),
('gae', 'Go Ahead Eagles', 'nld', 'go_ahead_eagles.png', 4),
('gai', 'GAIS Göteborg', 'swe', NULL, 4),
('gal', 'Galatasaray SK', 'tur', NULL, 5),
('gan', 'Gandzasar Kapan', 'arm', NULL, 4),
('gar', 'FK Garliava', 'ltu', NULL, 4),
('gat', 'Gateshead FC', 'eng', NULL, 1),
('gaz', 'Gazişehir Gaziantep', 'tur', NULL, 4),
('gba', 'Royal Antwerp FC', 'bel', NULL, 5),
('gba2', 'Young Reds Antwerp', 'bel', NULL, 2),
('gbb', 'AS Gubbio', 'ita', NULL, 1),
('gbc', 'NK Grobničan', 'cro', NULL, 2),
('gbi', 'Grobiņas SC/LFS', 'lva', NULL, 4),
('gbn', 'Gloria Bistrița-Năsăud', 'rom', NULL, 2),
('gca', 'ND Gorica', 'svn', NULL, 5),
('gcz', 'LKS Goczałkowice Zdrój', 'pol', NULL, 1),
('gef', 'Gefle IF', 'swe', NULL, 3),
('gen', 'Genoa CFC', 'ita', 'genoa_cfc.png', 4),
('get', 'Getafe CF', 'spa', 'getafe_cf.png', 4),
('gfb', 'Grafičar Beograd', 'srb', NULL, 3),
('ggd', 'Gedania Gdańsk', 'pol', NULL, 1),
('ghi', 'CSC Ghiroda', 'rom', NULL, 2),
('gho', 'FC Ganshoren', 'bel', NULL, 1),
('gia', 'PAS Giannina', 'gre', NULL, 5),
('gie', 'Giresunspor', 'tur', NULL, 2),
('gif', 'GIF Sundsvall', 'swe', NULL, 3),
('gij', 'Sporting de Gijón', 'spa', 'sporting_de_gijon.png', 3),
('gio', 'Giouchtas Archanes', 'gre', NULL, 2),
('gir', 'Girona FC', 'spa', 'girona_fc.png', 4),
('giu', 'Giugliano', 'ita', NULL, 1),
('gji', 'KF Gjilani', 'kos', NULL, 5),
('gjo', 'Gjøvik-Lyn', 'nor', NULL, 1),
('gka', 'SD Gernika Club', 'spa', NULL, 1),
('gkl', 'Górnik Łęczna', 'pol', 'gornik_leczna.png', 2),
('gkr', 'Garbarnia Kraków', 'pol', NULL, 1),
('gla', 'Glacis United', 'gib', 'glacis_united.png', 5),
('glc', 'TuS Bad Gleichenberg', 'aut', NULL, 1),
('gle', 'FC Gleisdorf 09', 'aut', NULL, 1),
('glg', 'SV Gloggnitz', 'aut', NULL, 1),
('gll', 'Gillingham FC', 'eng', NULL, 1),
('gln', 'Glentoran FC', 'nir', NULL, 5),
('glo', 'Gloucester City', 'eng', NULL, 1),
('gls', 'Glostrup IF', 'den', NULL, 2),
('glt', 'FC Slovan Galanta', 'svk', NULL, 2),
('glw', 'Galway United', 'irl', NULL, 4),
('gmb', 'Grimsby Town', 'eng', NULL, 1),
('gmo', 'Greenock Morton', 'sco', NULL, 4),
('gmt', 'VV Gemert', 'nld', NULL, 1),
('gna', 'Recreativo Granada', 'spa', NULL, 1),
('gnc', 'Gençlerbirliği SK', 'tur', NULL, 3),
('gne', 'SC Genemuiden', 'nld', NULL, 1),
('gni', 'Stolem Gniewino', 'pol', NULL, 1),
('gnk', 'KRC Genk', 'bel', NULL, 5),
('gns', 'IF Gnistan', 'fin', NULL, 4),
('gnv', 'US Granville', 'fra', NULL, 1),
('goa', 'GOAL FC', 'fra', NULL, 1),
('gom', 'Lokomotiv Gomel', 'blr', NULL, 4),
('gon', 'Gondomar SC', 'por', NULL, 1),
('gor', 'FK Goražde', 'bih', NULL, 4),
('gos', 'KF Gostivar', 'mkd', NULL, 5),
('gou', 'CD Gouveia', 'por', NULL, 1),
('goz', 'Göztepe SK', 'tur', NULL, 3),
('gpo', 'Górnik Polkowice', 'pol', NULL, 1),
('gra', 'Granada CF', 'spa', 'granada_cf.png', 4),
('grb', 'OFK Grbalj', 'mne', NULL, 4),
('grd', 'Nioman Grodno', 'blr', NULL, 5),
('gre', 'Grenoble Foot', 'fra', 'grenoble_foot.png', 2),
('grf', 'De Graafschap', 'nld', 'de_graafschap.png', 3),
('grh', 'Grasshopper Club Zürich', 'swi', NULL, 5),
('grh2', 'Grasshopper Club Zürich II', 'swi', NULL, 1),
('gri', 'Grindavík', 'ice', NULL, 4),
('grj', 'FC Gareji', 'geo', NULL, 4),
('gro', 'FC Groningen', 'nld', 'fc_groningen.png', 4),
('gru', 'Grorud IL', 'nor', NULL, 2),
('grv', 'CS Grevenmacher', 'lux', NULL, 2),
('grw', 'Greifswalder FC', 'ger', NULL, 1),
('gsa', 'FC Grand-Sacconex', 'swi', NULL, 1),
('gsk', 'GOŠK', 'bih', NULL, 5),
('gss', 'US Grosseto', 'ita', NULL, 1),
('gst', 'RKSV Groene Ster', 'nld', NULL, 1),
('gsu', 'FC Gossau', 'swi', NULL, 1),
('gt', 'Getafe CF B', 'spa', NULL, 1),
('gta', 'Gwarek Tarnowskie Góry', 'pol', NULL, 1),
('gtb', 'FC Gagra', 'geo', NULL, 5),
('gtl', 'Gimnástica de Torrelavega', 'spa', NULL, 1),
('gtr', 'Gimnástic de Tarragona', 'spa', NULL, 1),
('gtt', 'Grótta', 'ice', NULL, 3),
('gua', 'CD Guadalajara', 'spa', NULL, 1),
('gud', 'Gudja United', 'mlt', 'gudja_united.png', 5),
('gue', 'Arenas Club', 'spa', NULL, 1),
('gui', 'EA Guingamp', 'fra', 'ea_guingamp.png', 3),
('gui2', 'EA Guingamp II', 'fra', NULL, 1),
('guj', 'CD Guijuelo', 'spa', NULL, 1),
('gul', 'FC Gullegem', 'bel', NULL, 1),
('gur', 'Union Gurten', 'aut', NULL, 2),
('gut', 'FC Gütersloh', 'ger', NULL, 1),
('gvi', 'Gil Vicente FC', 'por', NULL, 4),
('gvo', 'Glenavon FC', 'nir', NULL, 5),
('gvv', 'GVVV', 'nld', 'gvvv.png', 2),
('gyi', 'Gyirmót FC Győr', 'hun', NULL, 4),
('gyo', 'Győri ETO FC', 'hun', NULL, 4),
('gza', 'Górnik Zabrze', 'pol', 'gornik_zabrze.png', 5),
('gza2', 'Górnik II Zabrze', 'pol', NULL, 1),
('gze', 'Grazer AK', 'aut', NULL, 4),
('gzi', 'Gżira United', 'mlt', 'gzira_united.png', 5),
('haa', 'Hamilton Academical FC', 'sco', NULL, 3),
('hac', 'BK Häcken', 'swe', 'bk_hacken.png', 5),
('haf', 'Hapoel Afula', 'isr', NULL, 3),
('hag', 'ADO Den Haag', 'nld', 'ado_den_haag.png', 4),
('hai', 'TSV Steinbach Haiger', 'ger', NULL, 1),
('haj', 'Hajduk Split', 'cro', NULL, 5),
('hak', 'FC Haka', 'fin', NULL, 5),
('hal', 'Haladás', 'hun', NULL, 3),
('ham', 'Hammarby IF', 'swe', NULL, 5),
('han', 'Hannover 96', 'ger', 'hannover_96.png', 4),
('han2', 'Hannover 96 II', 'ger', NULL, 1),
('hap', 'Hartlepool United', 'eng', NULL, 1),
('har', 'TSV Hartberg', 'aut', NULL, 5),
('hat', 'Hatayspor', 'tur', NULL, 4),
('hav', 'Le Havre AC', 'fra', 'le_havre_ac.png', 4),
('haw', 'Havant & Waterlooville', 'eng', NULL, 1),
('hax', 'FC Halifax Town', 'eng', NULL, 1),
('hb', 'HB Tórshavn', 'fro', 'hb_torshavn.png', 5),
('hba', 'Holbæk B', 'den', NULL, 2),
('hbe', 'Hibernians FC', 'mlt', 'hibernians_fc.png', 5),
('hbk', 'HB Køge', 'den', NULL, 4),
('hbs', 'Hapoel Beer Sheva', 'isr', NULL, 5),
('hcf', 'Hércules CF', 'spa', NULL, 1),
('hcu', 'USV Hercules', 'nld', NULL, 1),
('hdm', 'Hódmezővásárhelyi FC', 'hun', NULL, 2),
('hdn', 'FK Hodonín', 'cze', NULL, 1),
('hea', 'Atsalenios Heraklion', 'gre', NULL, 1),
('heb', 'Hebyr Pazardzhik', 'bul', NULL, 4),
('hee', 'Heerenveen', 'nld', 'heerenveen.png', 5),
('heg', 'FC Hegelmann', 'ltu', NULL, 5),
('hei', 'FC Heidenheim', 'ger', 'fc_heidenheim.png', 3),
('hel', 'Helsingborgs IF', 'swe', NULL, 4),
('her', 'Heracles Almelo', 'nld', 'heracles_almelo.png', 3),
('hfk', 'HIFK', 'fin', NULL, 4),
('hgu', 'FR Haguenau', 'fra', NULL, 1),
('hha', 'Hapoel Haifa', 'isr', NULL, 5),
('hhc', 'HHC Hardenberg', 'nld', 'hhc_hardenberg.png', 3),
('hhd', 'Hapoel Hadera', 'isr', NULL, 4),
('hht', 'Hemel Hempstead Town', 'eng', NULL, 1),
('hib', 'Hibernian FC', 'sco', NULL, 5),
('hid', 'AO Haidari', 'gre', NULL, 1),
('hif', 'Hvidovre IF', 'den', NULL, 4),
('hik', 'HIK', 'den', NULL, 2),
('hil', 'Hillerød Fodbold', 'den', NULL, 3),
('hio', 'AO Chaniotis', 'gre', NULL, 1),
('hje', 'Hapoel Jerusalem', 'isr', NULL, 5),
('hjk', 'HJK Helsinki', 'fin', NULL, 5),
('hk', 'HK', 'ice', NULL, 4),
('hka', 'KSV Hessen Kassel', 'ger', NULL, 1),
('hke', 'Harkemase Boys', 'nld', NULL, 1),
('hkh', 'RC Hades Kiewit Hasselt', 'bel', NULL, 1),
('hkk', 'Hapoel Akko', 'isr', NULL, 3),
('hkm', 'Ham-Kam', 'nor', NULL, 4),
('hl', 'BSG Chemie Leipzig', 'ger', NULL, 1),
('hlf', 'SV Dinamo Helfort', 'aut', NULL, 1),
('hll', 'Hallescher FC', 'ger', NULL, 1),
('hlm', 'Helmond Sport', 'nld', 'helmond_sport.png', 3),
('hlo', 'Akritas Chlorakas', 'cyp', NULL, 3),
('hlu', 'FC Hlučín', 'cze', NULL, 2),
('hma', 'FC Chamalières', 'fra', NULL, 1),
('hme', 'FK Homel', 'blr', NULL, 5),
('hmm', 'Hapoel Umm al-Fahm', 'isr', NULL, 3),
('hmo', 'RRC Hamoir', 'bel', NULL, 1),
('hmp', 'Hampton & Richmond Borough', 'eng', NULL, 1),
('hms', 'Halmstads BK', 'swe', NULL, 5),
('hmu', 'Ħamrun Spartans FC', 'mlt', 'hamrun_spartans_fc.png', 5),
('hmw', 'Cherno More Varna', 'bul', NULL, 5),
('hng', 'SV Höngg', 'swi', NULL, 1),
('hnh', 'Hapoel Nof HaGalil', 'isr', NULL, 4),
('hni', 'Chania FC', 'gre', NULL, 3),
('hnk', 'FC Honka', 'fin', NULL, 5),
('hno', 'CS Chênois', 'swi', NULL, 1),
('hns', 'Hansa Rostock', 'ger', 'hansa_rostock.png', 2),
('hns2', 'Hansa Rostock II', 'ger', NULL, 1),
('hnv', 'Budapest Honvéd FC', 'hun', NULL, 3),
('hob', 'Hobro IK', 'den', NULL, 4),
('hod', 'IL Hødd', 'nor', NULL, 2),
('hoe', 'HSV Hoek', 'nld', NULL, 1),
('hof', 'TSG Hoffenheim', 'ger', 'tsg_hoffenheim.png', 4),
('hof2', 'TSG Hoffenheim II', 'ger', NULL, 1),
('hog', 'VV Hoogeveen', 'nld', NULL, 1),
('hoh', 'VfB Hohenems', 'aut', NULL, 2),
('hol', 'Holstebro BK', 'den', NULL, 2),
('hom', 'FC 08 Homburg', 'ger', NULL, 1),
('hon', 'SV Horn', 'aut', NULL, 4),
('hoo', 'Hoogstraten VV', 'bel', NULL, 2),
('hop', 'Hirnyk-Sport Horishni Plavni', 'ukr', NULL, 2),
('hor', 'AC Horsens', 'den', NULL, 3),
('hor2', 'AC Horsens II', 'den', NULL, 1),
('hos', 'US Hostert', 'lux', 'us_hostert.png', 4),
('hou', 'KVC Houtvenne', 'bel', NULL, 1),
('hoy', 'FC Hoyvík', 'fro', 'fc_hoyvik.png', 4),
('hpt', 'Hapoel Petah Tikva', 'isr', NULL, 5),
('hra', 'SK Hranice', 'cze', NULL, 1),
('hrb', 'VHF Les Herbiers', 'fra', NULL, 1),
('hrc', 'NK Hrvace', 'cro', NULL, 3),
('hrd', 'Probij Horodenka', 'ukr', NULL, 1),
('hrf', 'Hereford FC', 'eng', NULL, 1),
('hrg', 'Hapoel Ramat Gan', 'isr', NULL, 3),
('hrj', 'Harju JK Laagri', 'est', NULL, 4),
('hrk', 'FC Hradec Králové', 'cze', NULL, 5),
('hrk2', 'FC Hradec Králové B', 'cze', NULL, 1),
('hrl', 'RC Harelbeke', 'bel', NULL, 1),
('hrr', 'Harrogate Town', 'eng', NULL, 1),
('hrt', 'Heart of Midlothian', 'sco', NULL, 5),
('hru', 'MFK Chrudim', 'cze', NULL, 3),
('hrv', 'Hrvatski Dragovoljac', 'cro', NULL, 2),
('hrz', 'Maccabi Herzliya', 'isr', NULL, 3),
('hsc', 'HSC \'21', 'nld', NULL, 1),
('hsh', 'Hapoel Nir Ramat HaSharon', 'isr', NULL, 4),
('hsi', 'RSC Hamsík Academy', 'svk', NULL, 2),
('hsk', 'Hanácká Slavia Kroměříž', 'cze', NULL, 3),
('hso', 'Chisola', 'ita', NULL, 1),
('hss', 'Sporting Hasselt', 'bel', NULL, 1),
('hst', 'KSK Heist', 'bel', NULL, 2),
('hsv', 'Hamburger SV', 'ger', 'hamburger_sv.png', 5),
('hta', 'Hapoel Tel Aviv', 'isr', NULL, 5),
('hth', 'Hertha BSC', 'ger', 'hertha_bsc.png', 3),
('hth2', 'Hertha BSC II', 'ger', NULL, 1),
('hud', 'Huddersfield Town', 'eng', 'huddersfield_town.png', 2),
('hue', 'SD Huesca', 'spa', 'sd_huesca.png', 2),
('hul', 'Hull City', 'eng', 'hull_city.png', 2),
('hum', 'FK Humenné', 'svk', NULL, 3),
('hun', 'Corvinul Hunedoara', 'rom', NULL, 3),
('hus', 'Hørsholm-Usserød IK', 'den', NULL, 1),
('hut', 'Hutnik Kraków', 'pol', 'hutnik_krakow.png', 2),
('huv', 'Recreativo de Huelva', 'spa', NULL, 1),
('hva', 'Hvala Pinsk', 'blr', NULL, 3),
('hvc', 'Haverfordwest County', 'wal', NULL, 5),
('hve', 'TSV Havelse', 'ger', NULL, 1),
('hvs2', 'Hamburger SV II⁠', 'ger', NULL, 1),
('hww', 'Harland & Wolff Welders', 'nir', NULL, 4),
('hye', 'Hyères FC', 'fra', NULL, 1),
('ia', 'ÍA', 'ice', NULL, 4),
('ial', 'Ialysos FC', 'gre', NULL, 1),
('ias', 'Politehnica Iași', 'rom', NULL, 4),
('ibe', 'Iberia 1999', 'geo', NULL, 5),
('ibi', 'UD Ibiza', 'spa', 'ud_ibiza.png', 2),
('ibk', 'Keflavík', 'ice', NULL, 5),
('ibv', 'ÍBV', 'ice', NULL, 5),
('ict', 'Inverness Caledonian Thistle', 'sco', NULL, 4),
('ies', 'Inter Club d\'Escaldes', 'and', 'inter_club_descaldes.png', 5),
('if', 'ÍF Fuglafjørður', 'fro', 'if_fuglafjordur.png', 5),
('ifk', 'IFK Göteborg', 'swe', 'ifk_goteborg.png', 5),
('igd', 'Iğdır FK', 'tur', NULL, 2),
('igl', 'FK Igalo', 'mne', NULL, 4),
('igo', 'İnegölspor', 'tur', NULL, 1),
('ihu', 'Ihud Bnei Shefa-Amr', 'isr', NULL, 3),
('ijs', 'IJsselmeervogels', 'nld', NULL, 1),
('iko', 'Igman Konjic', 'bih', NULL, 4),
('iks', 'Hapoel Ironi Kiryat Shmona', 'isr', NULL, 4),
('ili', 'ND Ilirija 1911', 'svn', NULL, 3),
('ill', 'FV Illertissen', 'ger', NULL, 1),
('ils', 'Ilisiakos AO', 'gre', NULL, 1),
('imi', 'İmişli FK', 'aze', NULL, 4),
('imo', 'Imortal DC', 'por', NULL, 1),
('ims', 'SC Imst', 'aut', NULL, 1),
('imt', 'IMT', 'srb', NULL, 4),
('in4', 'FC Ingolstadt 04', 'ger', 'fc_ingolstadt_04.png', 2),
('inc', 'FK Internacional', 'mne', NULL, 4),
('ind', 'FK Inđija', 'srb', NULL, 4),
('inh', 'Inhulec Petrove', 'ukr', NULL, 4),
('ins', 'Institute FC', 'nir', NULL, 4),
('int', 'Inter Milano', 'ita', 'inter_milano.png', 5),
('ion', 'Ionikos FC', 'gre', NULL, 3),
('iou', 'GS Ilioupolis', 'gre', NULL, 3),
('ips', 'Ipswich Town', 'eng', 'ipswich_town.png', 2),
('ira', 'İrəvan FK', 'aze', NULL, 4),
('irk', 'Iraklis Thessaloniki', 'gre', NULL, 4),
('iru', 'Real Unión', 'spa', NULL, 1),
('isc', 'CD Illescas', 'spa', NULL, 1),
('ish', 'Ishøj IF', 'den', NULL, 2),
('isk', 'FK Iskra', 'mne', NULL, 4),
('isl', 'FK Islach', 'blr', NULL, 4),
('isp', 'Isparta 32', 'tur', NULL, 1),
('isr', 'İskenderunspor', 'tur', NULL, 1),
('ist', 'İstanbulspor AŞ', 'tur', NULL, 4),
('iti', 'Ironi Tiberias', 'isr', NULL, 4),
('itr', 'Istra 1961', 'cro', NULL, 5),
('iva', 'Shturm Ivankiv', 'ukr', NULL, 1),
('ivc', 'Iváncsa KSE', 'hun', NULL, 2),
('iza', 'CD Izarra', 'spa', NULL, 1),
('jab', 'FK Jablonec', 'cze', NULL, 5),
('jab2', 'FK Jablonec B', 'cze', NULL, 1),
('jad', 'Jadran Dekani', 'svn', NULL, 4),
('jag', 'Jagiellonia Białystok', 'pol', 'jagiellonia_bialystok.png', 5),
('jag2', 'Jagiellonia II Białystok', 'pol', NULL, 1),
('jah', 'SSV Jahn Regensburg', 'ger', 'jahn_regensburg.png', 2);
INSERT INTO `clubs` (`str_id`, `name`, `national_team_id`, `logo_src`, `level`) VALUES
('jan', 'Jantra Gabrovo', 'bul', NULL, 3),
('jar', 'FF Jaro', 'fin', NULL, 4),
('jas', 'GKS Jastrzębie', 'pol', 'gks_jastrzebie.png', 2),
('jaz', 'FC Jazz', 'fin', NULL, 2),
('jd', 'AC Juvenes/Dogana', 'smr', 'ac_juvenes_dogana.png', 5),
('jdd', 'SSV Jeddeloh', 'ger', NULL, 1),
('jdr', 'Jadran Poreč', 'cro', NULL, 2),
('jdt', 'Jednota Bánová', 'svk', NULL, 1),
('jed', 'Jedinstvo Bijelo Polje', 'mne', NULL, 5),
('jel', 'Karkonosze Jelenia Góra', 'pol', NULL, 1),
('jen', 'FC Carl Zeiss Jena', 'ger', NULL, 1),
('jes', 'Jeunesse Esch', 'lux', 'jeunesse_esch.png', 5),
('jet', 'RSD Jette', 'bel', NULL, 1),
('jez', 'FK Jezero', 'mne', NULL, 5),
('jge', 'Jong Genk', 'bel', NULL, 3),
('jih', 'FC Vysočina Jihlava', 'cze', NULL, 3),
('jip', 'JIPPO', 'fin', NULL, 3),
('jis', 'Jiskra Domažlice', 'cze', NULL, 2),
('jjk', 'JJK Jyväskylä', 'fin', NULL, 3),
('jlp', 'Jadran Luka Ploče', 'cro', NULL, 3),
('jng', 'Juve Next Gen', 'ita', NULL, 1),
('joh', 'TSV St. Johann', 'aut', NULL, 1),
('jok', 'Jönköpings Södra IF', 'swe', NULL, 2),
('jon', 'FK Jonava', 'ltu', NULL, 3),
('jps', 'JäPS Palloseura', 'fin', NULL, 4),
('jqy', 'FK Jas Qyran', 'kaz', NULL, 3),
('jru', 'NK Jarun', 'cro', NULL, 4),
('jrv', 'FK Jerv', 'nor', NULL, 2),
('jsf', 'Jura Sud Foot', 'fra', NULL, 1),
('jsi', 'Junak Sinj', 'cro', NULL, 2),
('jst', 'Jedinstvo Stanišić', 'srb', NULL, 2),
('jub', 'Jedinstvo Ub', 'srb', NULL, 3),
('juk', 'FC JuKSA', 'ukr', NULL, 2),
('jul', 'UE Sant Julià', 'and', 'ue_sant_julia.png', 5),
('jun', 'IK Junkeren', 'nor', NULL, 2),
('juv', 'Juventus FC', 'ita', 'juventus_fc.png', 5),
('jvo', 'Juventude de Évora', 'por', NULL, 1),
('jvr', 'Javor Ivanjica', 'srb', NULL, 4),
('jvs', 'SS Juve Stabia', 'ita', 'ss_juve_stabia.png', 2),
('jwr', 'Junge Wikinger Ried', 'aut', NULL, 2),
('k04', 'HJK Klubi 04', 'fin', NULL, 2),
('k19', 'Karlovac 1919', 'cro', NULL, 2),
('ka', 'KA Akureyrar', 'ice', NULL, 5),
('kaa', 'KAA Gent', 'bel', NULL, 5),
('kaa2', 'Jong KAA Gent', 'bel', NULL, 2),
('kab', 'FK Kabel', 'srb', NULL, 2),
('kae', 'UN Käerjéng \'97', 'lux', 'un_kaerjeng_97.png', 4),
('kah', 'Kairat-Zhastar FK', 'kaz', NULL, 4),
('kai', '1. FC Kaiserslautern', 'ger', '1_fc_keiserslautern.png', 3),
('kak', 'Kaspiy Aktau', 'kaz', NULL, 5),
('kal', 'Kalmar FF', 'swe', 'kalmar_ff.png', 5),
('kam', 'Kampaniakos FC', 'gre', NULL, 2),
('kao', 'FK Karaorman', 'mkd', NULL, 3),
('kap', 'Kəpəz Gəncə', 'aze', NULL, 5),
('kar', 'MFK Karviná', 'cze', NULL, 4),
('kar2', 'MFK Karviná B', 'cze', NULL, 1),
('kas', 'Kasımpaşa SK', 'tur', NULL, 4),
('kat', 'GKS Katowice', 'pol', 'gks_katowice.png', 3),
('kau', 'Kauno Žalgiris', 'ltu', NULL, 5),
('kau2', 'Kauno Žalgiris B', 'ltu', NULL, 3),
('kav', 'Kavala FC', 'gre', NULL, 2),
('kay', 'Kayserispor', 'tur', NULL, 4),
('kaz', 'Kazincbarcikai SC', 'hun', NULL, 3),
('kbe', 'Karacabey Belediyespor', 'tur', NULL, 1),
('kbi', 'KF Korabi', 'alb', NULL, 4),
('kbl', 'TuS Koblenz', 'ger', NULL, 1),
('kbr', 'Karlbergs BK', 'swe', NULL, 1),
('kdd', 'Kidderminster Harriers', 'eng', NULL, 1),
('kdv', 'FK Králův Dvůr', 'cze', NULL, 1),
('kec', 'Kecskeméti TE', 'hun', NULL, 5),
('ken', 'SC Kriens', 'swi', NULL, 3),
('ker', 'III. Kerületi TVE', 'hun', NULL, 2),
('keu', 'PK Keski-Uusimaa', 'fin', NULL, 2),
('kfk', 'Karaman', 'tur', NULL, 1),
('kfq', 'MS Kafr Qasim', 'isr', NULL, 3),
('kfs', 'Hapoel Kfar Saba', 'isr', NULL, 3),
('kfu', 'KFUM Oslo', 'nor', NULL, 4),
('kge', 'KRC Gent', 'bel', NULL, 1),
('khe', 'Kelty Hearts', 'sco', NULL, 3),
('khj', 'SK Chajka', 'ukr', NULL, 2),
('kho', 'Kolkheti Khobi', 'geo', NULL, 4),
('kht', 'FK Khan Tengri', 'kaz', NULL, 3),
('khu', 'FK Khust', 'ukr', NULL, 2),
('ki', 'KÍ Klaksvík', 'fro', 'ki_klaksvik.png', 5),
('kie', 'Holstein Kiel', 'ger', 'holstein_kiel.png', 3),
('kie2', 'Holstein Kiel II⁠', 'ger', NULL, 1),
('kif', 'AE Kifisia', 'gre', NULL, 4),
('kil', 'Kilmarnock FC', 'sco', NULL, 5),
('kir', 'Kırklarelispor', 'tur', NULL, 1),
('kis', 'Kisvárda FC', 'hun', NULL, 5),
('kis2', 'Kisvárda FC II', 'hun', NULL, 2),
('kje', 'Kjelsås IL', 'nor', NULL, 2),
('kka', 'NK Krka', 'svn', NULL, 3),
('kki', 'FC Kilia Kiel', 'ger', NULL, 1),
('kko', 'Kolos Kovalivka', 'ukr', NULL, 4),
('kkr', 'Karpaty Krosno', 'pol', NULL, 1),
('kla', 'Austria Klagenfurt', 'aut', NULL, 5),
('klb', 'FK Kolubara', 'srb', NULL, 3),
('kld', 'Kolding IF', 'den', NULL, 3),
('kle', 'Sokół Kleczew', 'pol', NULL, 1),
('kli', 'Sparta Kolín', 'cze', NULL, 1),
('kll', 'Athens Kallithea', 'gre', NULL, 3),
('klm', 'Kalamata FC', 'gre', NULL, 3),
('kln', 'Baník Kalinovo', 'svk', NULL, 2),
('klo', 'VV Kloetinge', 'nld', NULL, 1),
('klr', 'AE Kileler', 'gre', NULL, 1),
('kls', 'IF Karlstad', 'swe', NULL, 2),
('klu', 'MKS Kluczbork', 'pol', NULL, 1),
('klv', 'Kalev Tallinn', 'est', NULL, 5),
('kly', 'King\'s Lynn Town', 'eng', NULL, 1),
('kmg', 'SV Kampong', 'nld', NULL, 1),
('kmi', 'Karmiotisa FC', 'cyp', NULL, 4),
('kmo', 'Kastamonuspor', 'tur', NULL, 2),
('kmr', 'KFC Komárno', 'svk', NULL, 4),
('kng', 'Kongsvinger IL', 'nor', NULL, 3),
('knk', 'Knokke FC', 'bel', NULL, 2),
('knn', 'Koninklijke HFC', 'nld', 'koninklijke_hfc.png', 2),
('kno', 'Knockbreda FC', 'nir', NULL, 3),
('knz', 'FC Köniz', 'swi', NULL, 1),
('kob', 'FC København', 'den', NULL, 5),
('koc', 'Kocaelispor', 'tur', NULL, 3),
('koi', 'PAS Korinthos', 'gre', NULL, 2),
('kol', '1. FC Köln', 'ger', '1_fc_koeln.png', 5),
('kol2', '1. FC Köln II', 'ger', NULL, 1),
('kom', 'FK Kom', 'mne', NULL, 4),
('kon', 'Konyaspor', 'tur', NULL, 4),
('koo', 'Körösladány MSK', 'hun', NULL, 2),
('kop', 'FC Koper', 'svn', NULL, 5),
('kor', 'Korona Kielce', 'pol', 'korona_kielce.png', 4),
('kos', 'FC Košice', 'svk', NULL, 5),
('kot', 'Kotwica Kołobrzeg', 'pol', 'kotwica_kolobrzeg.png', 2),
('koz', 'Kozakken Boys', 'nld', NULL, 1),
('kpf', 'Kapfenberger SV', 'aut', NULL, 3),
('kpo', 'Kolkheti-1913 Poti', 'geo', NULL, 4),
('kpr', 'Kaposvári Rákóczi FC', 'hun', NULL, 2),
('kpv', 'KPV', 'fin', NULL, 3),
('kr', 'KR Reykjavík', 'ice', NULL, 5),
('krc', 'Karcagi SE', 'hun', NULL, 1),
('krd', 'Anagennisi Karditsa', 'gre', NULL, 4),
('kre', 'Kremser SC', 'aut', NULL, 2),
('kri', 'Kryvbas Kryvyj Rih', 'ukr', NULL, 5),
('krk', 'NK Krk', 'cro', NULL, 2),
('krl', 'Karlsruher SC', 'ger', 'karlsruher_sc.png', 2),
('krm', 'Kremin Kremenchuk', 'ukr', NULL, 2),
('krm2', 'Kremin-2 Kremenchuk', 'ukr', NULL, 1),
('krn', 'SC Korneuburg', 'aut', NULL, 1),
('kro', 'Landskrona BoIS', 'swe', NULL, 3),
('krp', 'Karpaty Lviv', 'ukr', NULL, 4),
('krp2', 'Karpaty-2 Lviv', 'ukr', NULL, 2),
('krr', 'Kerry FC', 'irl', NULL, 4),
('krs', 'Kristiansund BK', 'nor', NULL, 4),
('krt', 'Cartusia Kartuzy', 'pol', NULL, 1),
('kru', 'FK Krumovgrad', 'bul', NULL, 4),
('kry', 'Nestos Chrysoupoli', 'gre', NULL, 2),
('krz', 'Radnik Križevci', 'cro', NULL, 3),
('kse', 'Kırşehir FK', 'tur', NULL, 1),
('ksr', 'Qajsar Qyzylorda', 'kaz', NULL, 5),
('kst', 'KS Kastrioti', 'alb', NULL, 4),
('ksv', 'FC Kosova', 'swi', NULL, 1),
('ksz', 'KKS 1925 Kalisz', 'pol', 'kks_1925_kalisz.png', 2),
('ktb', 'Kids Tâmpa Brașov', 'rom', NULL, 1),
('ktp', 'FC KTP', 'fin', NULL, 4),
('kts', 'KTS-K Luzino', 'pol', NULL, 1),
('kua', 'KuPS Akatemia', 'fin', NULL, 2),
('kuc', 'SV Kuchl', 'aut', NULL, 1),
('kud', 'FK Kudrivka', 'ukr', NULL, 2),
('kuf', 'FC Kufstein', 'aut', NULL, 1),
('kuk', 'FK Kukësi', 'alb', NULL, 5),
('kul', 'FK Kulykiv', 'ukr', NULL, 1),
('kuo', 'KuPS Kuopio', 'fin', NULL, 5),
('kur', 'FC Kuressaare', 'est', NULL, 5),
('kus', 'NK Kustošija', 'cro', NULL, 2),
('kva', 'KFC Voorde-Appelterre', 'bel', NULL, 1),
('kvh', 'Kvik Halden', 'nor', NULL, 2),
('kvk', 'KV Kortrijk', 'bel', NULL, 4),
('kvm', 'KV Mechelen', 'bel', NULL, 4),
('kvm2', 'Jong KV Mechelen', 'bel', NULL, 1),
('kwo', 'FC Koeppchen Wormeldingen', 'lux', NULL, 3),
('kya', 'Kyanos Asteras Vari', 'gre', NULL, 1),
('kyd', 'Arda Kyrdzhali', 'bul', NULL, 4),
('kyr', 'Kyran FK', 'kaz', NULL, 4),
('kyv', 'Slavia Karlovy Vary', 'cze', NULL, 1),
('kyz', 'Qyzylzhar SK', 'kaz', NULL, 5),
('kza', 'Kozani FC', 'gre', NULL, 3),
('kzh', 'FK Kozhuf', 'mkd', NULL, 3),
('kzl', 'FC Kreuzlingen', 'swi', NULL, 1),
('kzo', 'KSZO 1929 Ostrowiec Świętokrzyski', 'pol', NULL, 1),
('kzr', 'Kozármisleny SE', 'hun', NULL, 4),
('lac', 'KF Laçi', 'alb', NULL, 5),
('laf', 'SV Lafnitz', 'aut', NULL, 3),
('lak', 'FK Laktaši', 'bih', NULL, 4),
('lam', 'PAS Lamia 1964', 'gre', NULL, 4),
('laq', 'L\'Aquila 1927', 'ita', NULL, 1),
('lar', 'Larne FC', 'nir', NULL, 5),
('lau', 'FC Lausanne-Sport', 'swi', NULL, 5),
('lau2', 'FC Lausanne-Sport II', 'swi', NULL, 1),
('lav', 'Stade lavallois', 'fra', 'stade_lavallois.png', 3),
('laz', 'SS Lazio', 'ita', 'ss_lazio.png', 5),
('lbk', 'Livyj Bereh Kyiv', 'ukr', NULL, 3),
('lbo', 'FC Libourne', 'fra', NULL, 1),
('lca', 'Union La Calamine', 'bel', NULL, 1),
('lcc', 'Lucchese', 'ita', NULL, 1),
('lce', 'US Lecce', 'ita', 'us_lecce.png', 4),
('lck', 'FSV 63 Luckenwalde', 'ger', NULL, 1),
('lde', 'Linares Deportivo', 'spa', NULL, 1),
('ldo', 'SV Leobendorf', 'aut', NULL, 2),
('leb', 'FC Lebbeke', 'bel', NULL, 1),
('lec', 'Lecco', 'ita', 'lecco.png', 2),
('lee', 'Leeds United', 'eng', 'leeds_united.png', 4),
('leg', 'Legia Warszawa', 'pol', 'legia_warszawa.png', 5),
('leg2', 'Legia II Warszawa', 'pol', NULL, 1),
('leh', 'Dinan Léhon FC', 'fra', NULL, 1),
('lei', 'Leicester City', 'eng', 'leicester_city.png', 5),
('leo', 'DSV Leoben', 'aut', NULL, 4),
('lep', 'CD San Roque de Lepe', 'spa', NULL, 1),
('ler', 'AD Llerenense', 'spa', NULL, 1),
('lev', 'Bayer Leverkusen', 'ger', 'bayer_leverkusen.png', 5),
('ley', 'Leyton Orient', 'eng', NULL, 1),
('lfc', 'Liverpool FC', 'eng', 'liverpool_fc.png', 5),
('lfe', 'La Fenice Amaranto', 'ita', NULL, 1),
('lfi', 'SP La Fiorita', 'smr', 'sp_la_fiorita.png', 5),
('lgc', 'LGC Moncarapachense', 'por', NULL, 1),
('lgd', 'Lechia Gdańsk', 'pol', 'lechia_gdansk.png', 4),
('lgg', 'Legnago', 'ita', NULL, 1),
('lgh', 'Loughgall FC', 'nir', NULL, 5),
('lgn', 'CD Leganés', 'spa', 'cd_leganes.png', 3),
('lgo', 'CD Lugo', 'spa', 'cd_lugo.png', 2),
('lgr', 'UP Langreo', 'spa', NULL, 1),
('lgt', 'Legion Tallinn', 'est', NULL, 5),
('lht', 'FC Lahti', 'fin', NULL, 5),
('lib', 'AC Libertas', 'smr', 'ac_libertas.png', 5),
('lic', 'Lincoln Red Imps', 'gib', 'lincoln_red_imps.png', 5),
('lid', 'FK Lida', 'blr', NULL, 3),
('lie', 'RFC Liège', 'bel', NULL, 4),
('lif', 'FC Liefering', 'aut', NULL, 3),
('lij', 'Lija Athletic', 'mlt', NULL, 3),
('lik', 'Leiknir Reykjavík', 'ice', NULL, 4),
('lil', 'Lille OSC', 'fra', 'lille_osc.png', 5),
('lim', 'AD Os Limianos', 'por', NULL, 1),
('lin', 'LASK Linz', 'aut', NULL, 5),
('lio', 'Lions Gibraltar', 'gib', 'lions_gibraltar.png', 4),
('lip', 'FK Liepāja', 'lva', NULL, 5),
('lir', 'Liria Prizren', 'kos', NULL, 5),
('lis', 'FC Lisse', 'nld', NULL, 1),
('lit', 'Lillestrøm SK', 'nor', NULL, 5),
('lju', 'Ljungskile SK', 'swe', NULL, 2),
('lke', 'Lierse Kempenzonen', 'bel', NULL, 3),
('lkl', '1. FC Lokomotive Leipzig', 'ger', NULL, 1),
('lks', 'ŁKS Łódź', 'pol', 'lks_lodz.png', 4),
('lks2', 'ŁKS II Łódź', 'pol', NULL, 1),
('lkv', 'FK Loko Vltavín', 'cze', NULL, 1),
('lky', 'Lokomotyv Kyiv', 'ukr', NULL, 2),
('lkz', 'LNZ Cherkasy', 'ukr', NULL, 4),
('lla', 'Llanelli Town', 'wal', NULL, 4),
('llb', 'Lyra-Lierse Berlaar', 'bel', NULL, 1),
('llc', 'La Louvière Centre', 'bel', NULL, 1),
('lle', 'Club Lleida Esportiu', 'spa', NULL, 1),
('llo', 'RAAL La Louvière', 'bel', NULL, 2),
('llp', 'Llapi Podujevo', 'kos', NULL, 5),
('llu', 'KVC Lille United', 'bel', NULL, 1),
('lma', 'Le Mans FC', 'fra', 'le_mans_fc.png', 2),
('lme', 'ACDR Lamelas', 'por', NULL, 1),
('lmm', 'Lommel SK', 'bel', NULL, 4),
('lmv', 'Limavady United', 'nir', NULL, 3),
('ln4', 'FC Linth 04', 'swi', NULL, 2),
('lnc', 'Lincoln City', 'eng', NULL, 1),
('lnd', 'Londerzeel SK', 'bel', NULL, 1),
('lnf', 'Linfield FC', 'nir', NULL, 5),
('lng', 'IF Lyseng', 'den', NULL, 2),
('lnn', 'RB Linense', 'spa', NULL, 1),
('lno', 'Legionovia Legionowo', 'pol', NULL, 1),
('lnt', 'Lentigione', 'ita', NULL, 1),
('lny', 'Lernayin Artsakh', 'arm', NULL, 4),
('log', 'SD Logroñés', 'spa', NULL, 1),
('loh', 'Blau-Weiß Lohne', 'ger', NULL, 1),
('lok', 'KSC Lokeren-Temse', 'bel', NULL, 2),
('lom', 'ŁKS 1926 Łomża', 'pol', NULL, 1),
('lon', 'Longford Town', 'irl', NULL, 4),
('lor', 'FC Lorient', 'fra', 'fc_lorient.png', 4),
('lor2', 'FC Lorient II', 'fra', NULL, 1),
('lot', 'Lotus Băile Felix', 'rom', NULL, 1),
('lou', 'Louletano DC', 'por', NULL, 1),
('lov', 'FK Lovćen', 'mne', NULL, 4),
('loz', 'Lokomotiva Zagreb', 'cro', NULL, 5),
('lpa', 'UD Las Palmas', 'spa', 'ud_las_palmas.png', 3),
('lpl', 'Lokomotiv Plovdiv', 'bul', NULL, 5),
('lpn', 'Odeva Lipany', 'svk', NULL, 2),
('lpo', 'Lech Poznań', 'pol', 'lech_poznan.png', 5),
('lpo2', 'Lech II Poznań', 'pol', NULL, 1),
('lpp', 'SV Lippstadt 08', 'ger', NULL, 1),
('lpv', 'Baník Lehota pod Vtáčnikom', 'svk', NULL, 2),
('lrn', 'FC Lorentzweiler', 'lux', NULL, 3),
('lro', 'La Roche VF', 'fra', NULL, 1),
('lrs', 'AE Larisa', 'gre', NULL, 4),
('lsa', 'Leevon Saldus', 'lva', NULL, 4),
('lsd', 'LZS Starowice Dolne', 'pol', NULL, 1),
('lsf', 'Lusitânia FC', 'por', NULL, 2),
('lsh', 'SK Líšeň', 'cze', NULL, 3),
('lsi', 'SC Lusitânia', 'por', NULL, 1),
('lsn', 'KF Lushnja', 'alb', NULL, 4),
('lso', 'Lokomotiv Sofia', 'bul', NULL, 5),
('ltb', 'Lokomotivi Tbilisi', 'geo', NULL, 5),
('lth', 'FC Langenthal', 'swi', NULL, 1),
('ltm', 'Lechia Tomaszów Mazowiecki', 'pol', NULL, 1),
('ltn', 'Latina', 'ita', NULL, 1),
('ltx', 'Litex Lovech', 'bul', NULL, 3),
('lua', 'Marino de Luanco', 'spa', NULL, 1),
('lub', 'VfB Lübeck', 'ger', NULL, 1),
('luc', 'NK Lučko', 'cro', NULL, 2),
('lug', 'FC Lugano', 'swi', NULL, 5),
('lug2', 'FC Lugano II', 'swi', NULL, 1),
('lum', 'FC Lumezzane', 'ita', NULL, 1),
('lun', 'Lunds BK', 'swe', NULL, 2),
('luq', 'Luqa St. Andrew\'s FC', 'mlt', NULL, 3),
('lus', 'US Créteil-Lusitanos', 'fra', NULL, 1),
('lut', 'Luton Town', 'eng', 'luton_town.png', 4),
('luz', 'FC Luzern', 'swi', NULL, 5),
('luz2', 'FC Luzern II', 'swi', NULL, 1),
('lva', 'Levante UD', 'spa', 'levante_ud.png', 3),
('lvd', 'Levadia Tallinn', 'est', NULL, 5),
('lvd2', 'Levadia Tallinn U21', 'est', NULL, 4),
('lvg', 'Livingston FC', 'sco', NULL, 4),
('lvk', 'Levadiakos FC', 'gre', NULL, 4),
('lvn', 'Levanger FK', 'nor', NULL, 2),
('lvo', 'Lusitano de Évora', 'por', NULL, 1),
('lvr', 'US Livorno', 'ita', NULL, 1),
('lvs', 'Levski Sofia', 'bul', NULL, 5),
('lvt', 'US Sestri Levante', 'ita', NULL, 1),
('lwi', 'Pelikan Łowicz', 'pol', NULL, 1),
('lxo', 'Leixões SC', 'por', NULL, 2),
('lyg', 'Lyngby BK', 'den', NULL, 5),
('lyn', 'Lyn Fotball', 'nor', NULL, 3),
('lyo', 'Olympique lyonnais', 'fra', 'olympique_lyonnais.png', 5),
('lys', 'Lysekloster IL', 'nor', NULL, 1),
('lyx', 'Lynx FC', 'gib', 'lynx_fc.png', 5),
('lzg', 'Lechia Zielona Góra', 'pol', NULL, 1),
('lzi', 'KF Luzi 2008', 'alb', NULL, 4),
('lzn', 'FK Loznica', 'srb', NULL, 2),
('lzv', 'FK Lozova', 'ukr', NULL, 1),
('m09', 'AD Marco 09', 'por', NULL, 1),
('m25', 'Metalist 1925 Kharkiv', 'ukr', NULL, 5),
('mac', 'UF Mâcon', 'fra', NULL, 1),
('mad', 'Maidenhead United', 'eng', NULL, 1),
('maf', 'CD Mafra', 'por', NULL, 3),
('mag', 'Cetatea Turnu Măgurele', 'rom', NULL, 2),
('mah', 'IFK Marienham', 'fin', NULL, 4),
('mai', '1. FSV Mainz 05', 'ger', '1_fsv_mainz_05.png', 4),
('mai2', '1. FSV Mainz 05 II', 'ger', NULL, 1),
('mak', 'Maqtaaral FK', 'kaz', NULL, 4),
('mal', 'RCD Mallorca', 'spa', 'rcd_mallorca.png', 4),
('mam', 'FC Mamer 32', 'lux', 'fc_mamer_32.png', 4),
('man', 'Manchester 62', 'gib', 'manchester_62.png', 5),
('mar', 'FK Mariupol', 'ukr', NULL, 4),
('mat', 'FC Matera', 'ita', NULL, 1),
('mau', 'FC Mauerwerk', 'aut', NULL, 1),
('mba', 'Mornar Bar', 'mne', NULL, 5),
('mbo', 'NK Maribor', 'svn', NULL, 5),
('mbr', 'Maccabi Bnei Reineh', 'isr', NULL, 5),
('mbu', 'Metaloglobus București', 'rom', NULL, 2),
('mbz', 'Metalul Buzău', 'rom', NULL, 2),
('mca', 'Mons Calpe SC', 'gib', 'mons_calpe_sc.png', 5),
('mcg', 'FC Mondercange', 'lux', 'fc_mondercange.png', 4),
('mch', 'CD Manchego Ciudad Real', 'spa', NULL, 1),
('mcv', 'Mačva Šabac', 'srb', NULL, 3),
('mdb', 'Middlesbrough FC', 'eng', 'middlesbrough_fc.png', 3),
('mdg', 'Mladost DG', 'mne', NULL, 5),
('mdl', 'RFC Mandel United', 'bel', NULL, 1),
('mdp', 'Marek Dupnica', 'bul', NULL, 4),
('mds', 'ACS Mediaș', 'rom', NULL, 1),
('mdu', 'Maidstone United', 'eng', NULL, 1),
('mec', 'Racing Mechelen', 'bel', NULL, 1),
('med', 'FC Blo-Wäiss Medernach', 'lux', NULL, 3),
('mee', 'SV Meerssen', 'nld', NULL, 1),
('mel', 'UD Melilla', 'spa', NULL, 1),
('mem', 'FC Memmingen', 'ger', NULL, 1),
('mer', 'Marisca Mersch', 'lux', 'marisca_mersch.png', 4),
('met', 'FC Metz', 'fra', 'fc_metz.png', 4),
('meu', 'ZFC Meuselwitz', 'ger', NULL, 1),
('mey', 'Meyrin FC', 'swi', NULL, 2),
('mez', 'Mezőkövesd Zsóry FC', 'hun', NULL, 5),
('mfk', 'Manisa FK', 'tur', NULL, 2),
('mga', 'Mortágua FC', 'por', NULL, 1),
('mgb', 'Middelfart G&BK', 'den', NULL, 3),
('mgd', '1. FC Magdeburg', 'ger', '1_fc_magdeburg.png', 2),
('mgl', 'Borussia Mönchengladbach', 'ger', 'borussia_moenchengladbach.png', 5),
('mgl2', 'Borussia Mönchengladbach II', 'ger', NULL, 1),
('mgp', 'FK Makedonija GP', 'mkd', NULL, 4),
('mgu', 'FC Martigues', 'fra', 'fc_martigues.png', 2),
('mha', 'Maccabi Haifa', 'isr', NULL, 5),
('mhe', 'SV Waldhof Mannheim', 'ger', NULL, 1),
('mhf', 'FC Marchfeld Donauauen', 'aut', NULL, 2),
('mhs', 'Montpellier HSC', 'fra', 'montpellier_hsc.png', 4),
('mid', 'FC Midtjylland', 'den', NULL, 5),
('mie', 'Miedź Legnica', 'pol', 'miedz_legnica.png', 2),
('mik', 'Mika Yerevan', 'arm', NULL, 1),
('mil', 'AC Milan', 'ita', 'ac_milan.png', 5),
('min', 'FK Minija', 'ltu', NULL, 4),
('mio', 'CS Mioveni', 'rom', NULL, 4),
('mir', 'CD Mirandés', 'spa', 'cd_mirandes.png', 2),
('mja', 'Mjällby AIF', 'swe', NULL, 4),
('mje', 'CD Mensajero', 'spa', NULL, 1),
('mjf', 'Maccabi Jaffa', 'isr', NULL, 4),
('mjo', 'Mjøndalen IF', 'nor', NULL, 3),
('mkd', 'Makedonikos FC', 'gre', NULL, 4),
('mke', 'MKE Ankaragücü', 'tur', NULL, 4),
('mkh', 'Metalist Kharkiv', 'ukr', NULL, 4),
('mkn', 'AO Mykonos', 'gre', NULL, 1),
('mks', 'NK Maksimir', 'cro', NULL, 2),
('mky', 'Milton Keynes Dons', 'eng', NULL, 1),
('mla', 'Mławianka Mława', 'pol', NULL, 1),
('mlb', 'FK Mladá Boleslav', 'cze', NULL, 5),
('mlb2', 'FK Mladá Boleslav B', 'cze', NULL, 1),
('mlc', 'Mladost Lučani', 'srb', NULL, 4),
('mld', 'Mold Alexandra', 'wal', NULL, 4),
('mlf', 'MOL Fehérvár FC', 'hun', NULL, 5),
('mlg', 'Málaga CF', 'spa', 'malaga_cf.png', 4),
('mlo', 'Malmö FF', 'swe', NULL, 5),
('mls', 'Milsami Orhei', 'mda', NULL, 5),
('mlt', 'Melita FC', 'mlt', NULL, 4),
('mlw', 'Millwall FC', 'eng', 'milwall_fc.png', 2),
('mlz', 'OFK Malženice', 'svk', NULL, 3),
('mma', 'Mosonmagyaróvári TE', 'hun', NULL, 3),
('mmc', 'Marijampolė City', 'ltu', NULL, 4),
('mme', 'Mar Menor FC', 'spa', NULL, 1),
('mnb', 'US Mondorf-les-Bains', 'lux', 'us_mondorf_les_bains.png', 4),
('mnc', 'Manchester City', 'eng', 'manchester_city.png', 5),
('mnd', 'FC Mendrisio', 'swi', NULL, 1),
('mne', 'Maccabi Netanya', 'isr', NULL, 5),
('mng', 'Mingəçevir FK', 'aze', NULL, 4),
('mnh', 'AC Marinhense', 'por', NULL, 1),
('mni', 'MEAP Nisou', 'cyp', NULL, 3),
('mnj', 'UD Montijo', 'spa', NULL, 1),
('mnm', 'Menemen FK', 'tur', NULL, 1),
('mno', 'Monori SE', 'hun', NULL, 2),
('mnp', 'SS Monopoli', 'ita', NULL, 1),
('mnr', 'CE Manresa', 'spa', NULL, 1),
('mns', 'RAEC Mons', 'bel', NULL, 1),
('mnt', 'Mantova', 'ita', 'mantova.png', 2),
('mnu', 'Manchester United', 'eng', 'manchester_united.png', 5),
('mod', 'Modena FC', 'ita', 'modena_fc.png', 3),
('mog', 'CDC Montalegre', 'por', NULL, 1),
('moi', 'MOİK Baku PFK', 'aze', NULL, 4),
('mol', 'Molde FK', 'nor', NULL, 5),
('mon', 'AC Monza', 'ita', 'ac_monza.png', 4),
('moo', 'FK Molodiechno', 'blr', NULL, 3),
('mop', 'Motorlet Praha', 'cze', NULL, 1),
('mor', 'Moreirense FC', 'por', NULL, 5),
('mos', 'Mosta FC', 'mlt', 'mosta_fc.png', 5),
('mot', 'Motor Lublin', 'pol', 'motor_lublin.png', 3),
('moz', 'Slavija Mozyr', 'blr', NULL, 5),
('mp', 'Mikkelin Palloilijat', 'fin', NULL, 4),
('mpp', 'SV Meppen', 'ger', NULL, 1),
('mpt', 'Maccabi Petah Tikva', 'isr', NULL, 4),
('mrb', 'Marbella FC', 'spa', NULL, 1),
('mrc', 'Morecambe FC', 'eng', NULL, 1),
('mrd', 'AD Mérida', 'spa', NULL, 1),
('mre', 'KFC Merelbeke', 'bel', NULL, 1),
('mrg', 'Marignane GCB FC', 'fra', NULL, 1),
('mri', 'BK Marienlyst', 'den', NULL, 1),
('mrl', 'SC Mirandela', 'por', NULL, 1),
('mrn', 'Marsonia 1909', 'cro', NULL, 3),
('mro', 'Montrose FC', 'sco', NULL, 3),
('mrs', 'Marsaxlokk FC', 'mlt', 'marsaxlokk_fc.png', 4),
('mrt', 'Martina', 'ita', NULL, 1),
('ms', 'FS La Massana', 'and', 'fs_la_massana.png', 4),
('msa', 'Marsa FC', 'mlt', 'marsa_fc.png', 4),
('msf', 'Mansfield Town', 'eng', NULL, 1),
('msh', 'FC Malisheva', 'kos', NULL, 5),
('msi', 'Msida Saint-Joseph FC', 'mlt', NULL, 3),
('msl', 'Știința Miroslava', 'rom', NULL, 1),
('msn', 'ACR Messina', 'ita', NULL, 1),
('mss', 'Moss FK', 'nor', NULL, 3),
('mta', 'Maccabi Tel Aviv', 'isr', NULL, 5),
('mtb', 'Merani Tbilisi', 'geo', NULL, 3),
('mtc', 'FK Metalac', 'srb', NULL, 3),
('mth', 'Motherwell FC', 'sco', NULL, 5),
('mti', 'CS Marítimo', 'por', NULL, 4),
('mti2', 'CS Marítimo B', 'por', NULL, 1),
('mtk', 'MTK Budapest FC', 'hun', NULL, 4),
('mtl', 'FC Monthey', 'swi', NULL, 2),
('mtn', 'FK Montana', 'bul', NULL, 4),
('mtr', 'Monterosi', 'ita', NULL, 1),
('mtt', 'FK Metta', 'lva', NULL, 5),
('mtz', 'SV Muttenz', 'swi', NULL, 1),
('mua', 'SS Murata', 'smr', 'ss_murata.png', 5),
('mui', 'FC Muri AG', 'swi', NULL, 1),
('mun', 'FC Münsingen', 'swi', NULL, 2),
('mur', 'NŠ Mura', 'svn', NULL, 5),
('mus', 'Câmpulung Muscel', 'rom', NULL, 1),
('mut', 'UD Mutilvera', 'spa', NULL, 1),
('mux', 'RFC Meux', 'bel', NULL, 1),
('mvi', 'Merani Martvili', 'geo', NULL, 3),
('mvt', 'Maxline Vicebsk', 'blr', NULL, 3),
('mvv', 'MVV Maastricht', 'nld', 'mvv_maarstricht.png', 2),
('myj', 'Spartak Myjava', 'svk', NULL, 4),
('myk', 'Vast Mykolaiv', 'ukr', NULL, 2),
('myn', 'FK Mynaj', 'ukr', NULL, 4),
('mza', 'Metalurh Zaporizhzhia', 'ukr', NULL, 3),
('mza2', 'Metalurh-2 Zaporizhzhia', 'ukr', NULL, 2),
('n21', 'Novi Sad 1921', 'srb', NULL, 2),
('nac', 'NAC Breda', 'nld', 'nac_breda.png', 4),
('nae', 'Næsby BK', 'den', NULL, 2),
('naf', 'Naftovyk Okhtyrka', 'ukr', NULL, 1),
('nam', 'Union Namur', 'bel', NULL, 2),
('nan', 'FC Nantes', 'fra', 'fc_nantes.png', 5),
('nap', 'SSC Napoli', 'ita', 'ssc_napoli.png', 5),
('nar', 'AC Nardò', 'ita', NULL, 1),
('nas', 'Næstved Boldklub', 'den', NULL, 3),
('nat', 'FC Naters', 'swi', NULL, 1),
('nav', 'CDA Navalcarnero', 'spa', NULL, 1),
('nax', 'Náxara CD', 'spa', NULL, 1),
('naz', 'Nazilli Belediyespor', 'tur', NULL, 1),
('ncn', 'CD Nacional', 'por', NULL, 3),
('nco', 'Newport County', 'eng', NULL, 1),
('nea', 'AO Nea Artaki', 'gre', NULL, 2),
('nec', 'NEC', 'nld', 'nec.png', 4),
('nef', 'Neftçi PFK', 'aze', NULL, 5),
('nep', 'FK Neptūnas', 'ltu', NULL, 4),
('neu', 'Neuchâtel Xamax FCS', 'swi', NULL, 4),
('nev', 'FK Nevėžis', 'ltu', NULL, 4),
('new', 'Newcastle United', 'eng', 'newcastle_united.png', 4),
('nfn', 'Naftan Novopolock', 'blr', NULL, 4),
('ngy', 'Nagykanizsa FC', 'hun', NULL, 2),
('nic', 'OGC Nice', 'fra', 'ogc_nice.png', 5),
('nij', 'Sparta Nijkerk', 'nld', NULL, 1),
('nik', 'FC Nikarm', 'arm', NULL, 1),
('nim', 'Nîmes Olympique', 'fra', 'nimes_olympique.png', 2),
('nin', 'KVK Ninove', 'bel', NULL, 1),
('nio', 'Chamois niortais FC', 'fra', NULL, 1),
('nis', 'Speranis Nisporeni', 'mda', NULL, 4),
('nit', 'FC Nitra', 'svk', NULL, 4),
('nja', 'Njarðvík', 'ice', NULL, 3),
('nkb', 'NK Belišće', 'cro', NULL, 2),
('nkg', 'HNK Gorica', 'cro', NULL, 5),
('nko', 'IFK Norrköping', 'swe', NULL, 5),
('nle', 'Nafta Lendava', 'svn', NULL, 4),
('nlo', 'AS Nancy-Lorraine', 'fra', 'as_nancy_lorraine.png', 2),
('nlu', 'Novohrad Lučenec', 'svk', NULL, 1),
('nme', 'MŠK Námestovo', 'svk', NULL, 1),
('nmu', 'Nõmme United', 'est', NULL, 4),
('nmv', 'AFC Nové Mesto nad Váhom', 'svk', NULL, 1),
('noa', 'Noah', 'arm', NULL, 5),
('noa2', 'Noah II', 'arm', NULL, 1),
('nom', 'Nõmme Kalju', 'est', NULL, 5),
('noo', 'VV Noordwijk', 'nld', 'vv_noordwijk.png', 2),
('nor', 'Nordic United', 'swe', NULL, 2),
('not', 'Notodden FK', 'nor', NULL, 2),
('npk', 'Napredak Kruševac', 'srb', NULL, 5),
('npo', 'NK Posušje', 'bih', NULL, 5),
('nrb', 'Norrby IF', 'swe', NULL, 2),
('nrs', 'Eintracht Norderstedt', 'ger', NULL, 1),
('nrw', 'Norwich City', 'eng', 'norwich_city.png', 2),
('nsa', 'Mladost Novi Sad', 'srb', NULL, 4),
('nsb', 'NK Široki Brijeg', 'bih', NULL, 5),
('nse', 'SC Neusiedl am See', 'aut', NULL, 1),
('nsi', 'NSÍ Runavík', 'fro', 'nsi_runavik.png', 5),
('nsk', 'Pogoń Nowe Skalmierzyce', 'pol', NULL, 1),
('nsl', 'Nea Salamina Famagusta', 'cyp', NULL, 5),
('nso', 'CD Numancia', 'spa', NULL, 1),
('nta', 'Podhale Nowy Targ', 'pol', NULL, 1),
('ntc', 'Notts County', 'eng', NULL, 1),
('nth', 'Northampton Town', 'eng', NULL, 1),
('ntt', 'Nottingham Forest', 'eng', NULL, 1),
('ntw', 'Newtown AFC', 'wal', NULL, 5),
('nuc', 'CF La Nucía', 'spa', NULL, 1),
('nur', '1. FC Nürnberg', 'ger', '1_fc_nuernberg.png', 4),
('nur2', '1. FC Nürnberg II', 'ger', NULL, 1),
('nva', 'FK Novaci', 'mkd', NULL, 3),
('nvi', 'Nyva Vinnycia', 'ukr', NULL, 2),
('nvo', 'Niki Volos', 'gre', NULL, 4),
('nvp', 'FK Novi Pazar', 'srb', NULL, 5),
('nvr', 'Novara FC', 'ita', NULL, 1),
('nvt', 'JK Narva Trans', 'est', NULL, 5),
('nwg', 'Newington FC', 'nir', NULL, 4),
('nwr', 'Newry City', 'nir', NULL, 4),
('nxr', 'Naxxar Lions FC', 'mlt', 'naxxar_lions_fc.png', 4),
('nxt', 'Club NXT', 'bel', NULL, 3),
('nyb', 'Nyva Buzova', 'ukr', NULL, 3),
('nyi', 'Nyíregyháza Spartacus FC', 'hun', NULL, 4),
('nyk', 'Nykøbing FC', 'den', NULL, 3),
('nyo', 'FC Stade Nyonnais', 'swi', NULL, 4),
('nyp', 'Maramuresh Nyzhnia Apsha', 'ukr', NULL, 1),
('nyt', 'Nyva Ternopil', 'ukr', NULL, 3),
('nzi', 'Sektzia Ness Ziona', 'isr', NULL, 3),
('o20', 'OSS \'20', 'nld', NULL, 1),
('obe', 'SV Oberwart', 'aut', NULL, 1),
('obh', 'Rot-Weiß Oberhausen', 'ger', NULL, 1),
('obk', 'Odense BK', 'den', NULL, 5),
('obo', 'Obolon Kyiv', 'ukr', NULL, 4),
('obr', 'Olsa Brakel', 'bel', NULL, 1),
('och', 'Olympic Charleroi CF', 'bel', NULL, 2),
('ocm', 'Olimp Comrat', 'mda', NULL, 4),
('ocr', 'Olimpic Cetate Râșnov', 'rom', NULL, 1),
('odd', 'Odds BK', 'nor', NULL, 4),
('ode', 'IK Oddevold', 'swe', NULL, 2),
('odh', 'FC Oliveira do Hospital', 'por', NULL, 1),
('odi', 'FC Ordino', 'and', 'fc_ordino.png', 5),
('odn', 'ODIN \'59', 'nld', NULL, 1),
('odo', 'Odra Opole', 'pol', 'odra_opole.png', 3),
('odr', 'Odder IGF', 'den', NULL, 1),
('ods', 'AFC Odorheiu Secuiesc', 'rom', NULL, 1),
('odu', 'CF Oliveira do Douro', 'por', NULL, 1),
('odw', 'Odra Wodzisław', 'pol', 'odra_wodzislaw.png', 2),
('oed', 'ASKÖ Oedt', 'aut', NULL, 1),
('oel', 'O Elvas CAD', 'por', NULL, 1),
('off', 'Kickers Offenbach', 'ger', NULL, 1),
('ofi', 'OFI 1925', 'gre', NULL, 5),
('ofk', 'Östersunds FK', 'swe', NULL, 3),
('ogr', 'Olimpia Grudziądz', 'pol', 'olimpia_grudziadz.png', 1),
('oha', 'Oldham Athletic', 'eng', NULL, 1),
('ohl', 'OH Leuven', 'bel', NULL, 5),
('ohl2', 'OH Leuven U-23', 'bel', NULL, 2),
('ohr', 'FK Ohrid', 'mkd', NULL, 4),
('ois', 'AS Beauvais Oise', 'fra', NULL, 1),
('oka', 'Ontustik Akademija', 'kaz', NULL, 3),
('ola', 'AFA Olaine', 'lva', NULL, 4),
('olb', 'Olbia', 'ita', NULL, 1),
('old', 'VfB Oldenburg', 'ger', NULL, 1),
('ole', 'FK Oleksandrija', 'ukr', NULL, 5),
('oli', 'UD Oliveirense', 'por', NULL, 2),
('oll', 'Olimpija Ljubljana', 'svn', NULL, 5),
('oln', 'Olympiakos Nicosia', 'cyp', NULL, 5),
('olo', 'NK Stupčanica Olovo', 'bih', NULL, 4),
('ols', 'OLS', 'fin', NULL, 2),
('oly', 'Olympiakos SFP', 'gre', NULL, 5),
('oly2', 'Olympiakos SFP B', 'gre', NULL, 2),
('oma', 'Olympique de Marseille', 'fra', 'olympique_de_marseille.png', 5),
('oml', 'Omladinac Novi Banovci', 'srb', NULL, 2),
('omn', 'Omonia Nicosia', 'cyp', NULL, 5),
('ono', 'FC Onor', 'arm', NULL, 1),
('ons', 'Onsala BK', 'swe', NULL, 1),
('ook', 'KSV Oostkamp', 'bel', NULL, 1),
('oos', 'KV Oostende', 'bel', NULL, 3),
('opa', 'SFC Opava', 'cze', NULL, 3),
('opt', 'NK Opatija', 'cro', NULL, 3),
('oqu', 'Olympique Saint-Quentin', 'fra', NULL, 1),
('ord', 'Ordabasy FK', 'kaz', NULL, 5),
('ore', 'Örebro SK', 'swe', NULL, 4),
('org', 'Örgryte IS', 'swe', NULL, 3),
('ori', 'Orihuela CF', 'spa', NULL, 1),
('orj', 'HNK Orijent', 'cro', NULL, 4),
('orl', 'US Orléans', 'fra', 'us_orleans.png', 2),
('orn', 'Ørn-Horten', 'nor', NULL, 2),
('oro', 'Orestis Orestiada', 'gre', NULL, 1),
('orp', 'Orlęta Radzyń Podlaski', 'pol', NULL, 1),
('ors', 'FK Orsha', 'blr', NULL, 3),
('ort', 'Oriental', 'por', NULL, 1),
('osa', 'CA Osasuna', 'spa', 'ca_osasuna.png', 4),
('osa2', 'CA Osasuna B', 'spa', NULL, 1),
('osb', 'CF Os Belenenses', 'por', NULL, 2),
('osi', 'NK Osijek', 'cro', NULL, 5),
('osk', 'Oskarshamns AIK', 'swe', NULL, 1),
('osm', 'Olimpia Satu Mare', 'rom', NULL, 1),
('osn', 'VfL Osnabrück', 'ger', 'vfl_osnabrueck.png', 2),
('oso', 'FK Osogovo', 'mkd', NULL, 3),
('osp', 'FK Osipovichi', 'blr', NULL, 2),
('oss', 'TOP Oss', 'nld', 'top_oss.png', 2),
('ost', 'Östers IF', 'swe', NULL, 4),
('osy', 'Örebro Syrianska IF', 'swe', NULL, 2),
('ote', 'Oțelul Galați', 'rom', NULL, 4),
('oth', 'Othellos Atienou', 'cyp', NULL, 4),
('otr', 'FK Otrant-Olympic', 'mne', NULL, 4),
('otv', 'FK Ostroviec', 'blr', NULL, 3),
('oud', 'KSV Oudenaarde', 'bel', NULL, 1),
('oue', 'SfB-Oure FA', 'den', NULL, 2),
('oul', 'AC Oulu', 'fin', NULL, 5),
('our', 'Ourense CF', 'spa', NULL, 1),
('ove', 'Tatran Oravské Veselé', 'svk', NULL, 1),
('ovi', 'Real Oviedo', 'spa', 'real_oviedo.png', 2),
('ovi2', 'Real Oviedo B', 'spa', NULL, 1),
('oxc', 'Oxford City', 'eng', NULL, 1),
('oxf', 'Oxford United', 'eng', 'oxford_united.png', 2),
('oza', 'Olimpic Zărnești', 'rom', NULL, 2),
('pac', 'FC Paços de Ferreira', 'por', NULL, 3),
('pad', 'Padova', 'ita', 'padova.png', 2),
('pae', 'PAEEK', 'cyp', NULL, 3),
('paf', 'Pafos FC', 'cyp', NULL, 5),
('pai', 'Paide Linnameeskond', 'est', NULL, 5),
('pai2', 'Paide Linnameeskond U21', 'est', NULL, 4),
('pak', 'Paksi FC', 'hun', NULL, 5),
('pan', 'FK Panevėžys', 'ltu', NULL, 5),
('pan2', 'FK Panevėžys B', 'ltu', NULL, 3),
('pao', 'Panathinaikos AO', 'gre', NULL, 5),
('pao2', 'Panathinaikos AO B', 'gre', NULL, 2),
('par', 'Partizan Beograd', 'srb', NULL, 5),
('pas', 'PAOK FC', 'gre', NULL, 5),
('pas2', 'PAOK FC B', 'gre', NULL, 3),
('pat', 'Paris 13 Atletico', 'fra', NULL, 1),
('pau', 'Pau FC', 'fra', 'pau_fc.png', 3),
('pb7', 'SC Paderborn 07', 'ger', 'sc_paderborn_07.png', 3),
('pb72', 'SC Paderborn 07 II', 'ger', NULL, 1),
('pbg', 'FC Portalban/Gletterens', 'swi', NULL, 1),
('pbt', 'Polonia Bytom', 'pol', 'polonia_bytom.png', 2),
('pch', 'GD Peniche', 'por', NULL, 1),
('pcn', 'AZ Picerno', 'ita', 'az_picerno.png', 2),
('pdb', 'FK Pardubice', 'cze', NULL, 4),
('pdb2', 'FK Pardubice B', 'cze', NULL, 1),
('pde', 'SCR Peña Deportiva', 'spa', NULL, 1),
('pdg', 'RC Pays de Grasse', 'fra', NULL, 1),
('pdi', 'Podillia Khmelnyckyj', 'ukr', NULL, 2),
('pdk', 'FK Podkonice', 'svk', NULL, 1),
('pdo', 'Portadown FC', 'nir', NULL, 4),
('pds', 'FC Paradiso', 'swi', NULL, 3),
('peb', 'Peterborough Sports', 'eng', NULL, 1),
('pec', 'Pécsi MFC', 'hun', NULL, 4),
('peh', 'Petrocub Hîncești', 'mda', NULL, 5),
('pei', 'Peyia 2014', 'cyp', NULL, 4),
('pel', 'FK Pelister', 'mkd', NULL, 4),
('pen', 'SS Pennarossa', 'smr', 'ss_pennarossa.png', 4),
('peo', 'OFK Petrovac', 'mne', NULL, 5),
('per', 'AC Perugia', 'ita', NULL, 1),
('pet', 'Petrolul Ploiești', 'rom', NULL, 5),
('pev', 'Pevidém SC', 'por', NULL, 1),
('pey', 'Penya Encarnada', 'and', 'penya_encarnada.png', 5),
('pfa', 'Povltavská FA', 'cze', NULL, 2),
('pfc', 'Paris FC', 'fra', 'paris_fc.png', 3),
('pgm', 'Pogoń Grodzisk Mazowiecki', 'pol', NULL, 1),
('pgo', 'FK Podgorica', 'mne', NULL, 5),
('pgu', 'Portogruaro', 'ita', NULL, 1),
('phe', 'Peterhead FC', 'sco', NULL, 2),
('phk', 'Panachaiki FC', 'gre', NULL, 2),
('phl', '1. FC Phönix Lübeck', 'ger', NULL, 1),
('pia', 'Piast Gliwice', 'pol', 'piast_gliwice.png', 5),
('pib', 'Pirin Blagojevgrad', 'bul', NULL, 4),
('pie', 'Pietà Hotspurs FC', 'mlt', NULL, 3),
('pif', 'Prykarpattia Ivano-Frankivsk', 'ukr', NULL, 3),
('pin', 'AS Pineto', 'ita', NULL, 1),
('pio', 'Panionios GSS', 'gre', NULL, 2),
('pir', 'Ethnikos Pireus', 'gre', NULL, 2),
('pis', 'Pisa SC', 'ita', 'pisa_sc.png', 2),
('pit', 'Piteå IF', 'swe', NULL, 2),
('piu', 'Pyunik Yerevan', 'arm', NULL, 5),
('piu2', 'Pyunik Yerevan II', 'arm', NULL, 1),
('pk', 'PK-35', 'fin', NULL, 3),
('pkr', 'Penuel Kryvyj Rih', 'ukr', NULL, 1),
('pla', 'Detonit Plachkovica', 'mkd', NULL, 3),
('ple', 'Spartak Pleven', 'bul', NULL, 3),
('pli', 'FC St. Pauli', 'ger', 'fc_st_pauli.png', 3),
('pli2', 'FC St. Pauli II⁠', 'ger', NULL, 1),
('pll', 'KäPa', 'fin', NULL, 4),
('plm', 'Palermo FC', 'ita', 'palermo_fc.png', 4),
('plo', 'Marica Plovdiv', 'bul', NULL, 2),
('pls', 'ENAD Polis Chrysohous', 'cyp', NULL, 3),
('plt', 'SKN St. Pölten', 'aut', NULL, 4),
('ply', 'Plymouth Argyle', 'eng', 'plymouth_argyle.png', 2),
('pmc', 'HNK Primorac', 'cro', NULL, 2),
('pmi', 'Poseidon Michaniona', 'gre', NULL, 1),
('pmn', 'Preußen Münster', 'ger', 'preussen_muenster.png', 2),
('pmo', 'Portimonense SC', 'por', NULL, 4),
('pna', 'Panargiakos FC', 'gre', NULL, 2),
('pne', 'Preston North End', 'eng', 'preston_north_end.png', 2),
('pnf', 'FC Penafiel', 'por', NULL, 3),
('png', 'Panegialios FC', 'gre', NULL, 1),
('pnh', 'Panthrakikos FC', 'gre', NULL, 2),
('pni', 'Puszcza Niepołomice', 'pol', 'puszcza_niepolomice.png', 3),
('pnk', 'Pendikspor', 'tur', NULL, 4),
('pnn', 'Kolos Polonne', 'ukr', NULL, 1),
('pno', 'CSC Peciu Nou', 'rom', NULL, 1),
('pns', 'US Pianese', 'ita', NULL, 1),
('pnt', 'Panetolikos GFS', 'gre', NULL, 5),
('pnv', 'Pontevedra CF', 'spa', NULL, 1),
('pny', 'SE Penya Independent', 'spa', NULL, 1),
('pnz', 'Piacenza', 'ita', NULL, 1),
('pob', 'FK Pobeda AD', 'mkd', NULL, 3),
('pod', 'Podbeskidzie Bielsko-Biała', 'pol', 'podbeskidzie_bielsko_biala.png', 2),
('pog', 'Pogoń Szczecin', 'pol', 'pogon_szczecin.png', 5),
('pog2', 'Pogoń II Szczecin', 'pol', NULL, 1),
('poh', 'FC Pohronie', 'svk', NULL, 4),
('pol', 'Polissija Zhytomyr', 'ukr', NULL, 4),
('pon', 'SD Ponferradina', 'spa', 'sd_ponferradina.png', 2),
('pop', 'FK Poprad', 'svk', NULL, 2),
('por', 'FC Porto', 'por', NULL, 5),
('por2', 'FC Porto B', 'por', NULL, 3),
('pox', 'POX FC', 'cyp', NULL, 3),
('poz', 'Sloga Požega', 'srb', NULL, 2),
('ppa', 'Pro Patria', 'ita', NULL, 1),
('ppe', 'Progresul Pecica', 'rom', NULL, 1),
('ppi', 'CA Pêro Pinheiro', 'por', NULL, 1),
('ppl', 'SC Popești-Leordeni', 'rom', NULL, 1),
('pps', 'Pniówek Pawłowice Śląskie', 'pol', NULL, 1),
('ppt', 'Pontypridd Town', 'wal', NULL, 5),
('prd', 'USC Paredes', 'por', NULL, 1),
('pre', 'FK Přepeře', 'cze', NULL, 1),
('prg', 'US Pergolettese', 'ita', NULL, 1),
('pri', 'FC Prishtina', 'kos', NULL, 5),
('prj', 'Rudar Prijedor', 'bih', NULL, 4),
('prk', 'SFK Pierikos', 'gre', NULL, 1),
('prm', 'Parma', 'ita', 'parma.png', 3),
('prn', 'SC/ESV Parndorf', 'aut', NULL, 1),
('pro', 'Progrès Niedercorn', 'lux', 'progres_niedercorn.png', 5),
('prr', 'ND Primorje', 'svn', NULL, 4),
('prs', '1. SK Prostějov', 'cze', NULL, 3),
('prt', 'Radnički Pirot', 'srb', NULL, 2),
('pry', 'Saint-Pryvé Saint-Hilaire FC', 'fra', NULL, 1),
('psb', 'Progresul Spartac București', 'rom', NULL, 2),
('psc', 'Pescara', 'ita', NULL, 1),
('pse', 'Panserraikos FC', 'gre', NULL, 4),
('psg', 'Paris Saint-Germain', 'fra', 'paris_saint_germain.png', 5),
('psi', 'Pogoń Siedlce', 'pol', 'pogon_siedlce.png', 1),
('psj', 'Jong PSV', 'nld', NULL, 2),
('psk', 'FC Písek', 'cze', NULL, 1),
('pso', 'CD Atlético Paso', 'spa', NULL, 1),
('pss', 'Pro Sesto', 'ita', NULL, 1),
('psv', 'PSV Eindhoven', 'nld', 'psv_eindhoven.png', 5),
('ptb', 'Peterborough United', 'eng', 'peterborough_united.png', 2),
('ptd', 'Pontedera', 'ita', NULL, 1),
('pte', 'Podoliany Ternopil', 'ukr', NULL, 1),
('pth', 'Partick Thistle', 'sco', NULL, 4),
('pti', 'Partizani Tirana', 'alb', NULL, 5),
('ptk', 'Shakhcior Petrikov', 'blr', NULL, 4),
('ptm', 'Portsmouth FC', 'eng', 'portsmouth_fc.png', 2),
('pto', 'CD Portosantense', 'por', NULL, 1),
('ptp', 'Aris Petroupoli', 'gre', NULL, 1),
('ptr', 'FC Petržalka', 'svk', NULL, 4),
('ptv', 'SK Poltava', 'ukr', NULL, 3),
('ptz', 'Potenza', 'ita', NULL, 1),
('puc', 'MŠK Púchov', 'svk', NULL, 3),
('pul', 'Pully Football', 'swi', NULL, 1),
('pus', 'Puskás Akadémia FC', 'hun', NULL, 5),
('pus2', 'Puskás Akadémia FC II', 'hun', NULL, 1),
('put', 'Putnok VSE', 'hun', NULL, 2),
('puy', 'Le Puy Foot 43 Auvergne', 'fra', NULL, 1),
('pva', 'Port Vale', 'eng', NULL, 1),
('pvb', 'MŠK Považská Bystrica', 'svk', NULL, 4),
('pwa', 'Polonia Warszawa', 'pol', 'polonia_warszawa.png', 3),
('pyb', 'Pen-y-Bont', 'wal', NULL, 5),
('pzg', 'FC Pinzgau Saalfelden', 'aut', NULL, 2),
('pzz', 'Palazzolo', 'ita', NULL, 1),
('qaa', 'Qarabağ FK', 'aze', NULL, 5),
('qab', 'FK Qəbələ', 'aze', NULL, 5),
('qad', 'Qaradağ Lökbatan FK', 'aze', NULL, 4),
('qb', 'Quick Boys', 'nld', 'quick_boys.png', 2),
('qhg', 'Quick Den Haag', 'nld', NULL, 1),
('qos', 'Queen of the South FC', 'sco', NULL, 3),
('qpa', 'Queen\'s Park FC', 'sco', NULL, 4),
('qpr', 'Queens Park Rangers', 'eng', 'queens_park_rangers.png', 2),
('qrt', 'Qairat Almaty', 'kaz', NULL, 5),
('que', 'US Quevilly-Rouen', 'fra', 'us_quevilly_rouen.png', 2),
('rab', 'Rabotnichki Skopje', 'mkd', NULL, 5),
('rac', 'Racing de Santander', 'spa', 'racing_de_santander.png', 2),
('rad', 'Radomiak Radom', 'pol', 'radomiak_radom.png', 4),
('rah', 'KF Rahoveci', 'kos', NULL, 3),
('rak', 'Raków Częstochowa', 'pol', 'rakow_czestochowa.png', 5),
('rak2', 'Raków II Częstochowa', 'pol', NULL, 1),
('ram', 'KF Ramiz Sadiku', 'kos', NULL, 3),
('ran', 'Rangers FC', 'sco', NULL, 5),
('rap', 'Rapid București', 'rom', NULL, 5),
('rau', 'Raufoss IL', 'nor', NULL, 3),
('rav', 'Rio Ave FC', 'por', NULL, 4),
('ray', 'Rayo Vallecano', 'spa', 'rayo_vallecano.png', 4),
('raz', 'Ludogorec Razgrad', 'bul', NULL, 5),
('raz2', 'Ludogorec Razgrad II', 'bul', NULL, 3),
('rbe', 'Radnički Beograd', 'srb', NULL, 2),
('rbk', 'Rosenborg BK', 'nor', NULL, 5),
('rbl', 'RB Leipzig', 'ger', 'rb_leipzig.png', 5),
('rbn', 'Iskra Rîbnița', 'mda', NULL, 4),
('rbo', 'Rebordosa AC', 'por', NULL, 1),
('rbs', 'Red Bull Salzburg', 'aut', NULL, 5),
('rca', 'Rayo Cantabria', 'spa', NULL, 1),
('rcb', 'FK Rača', 'svk', NULL, 1),
('rch', 'Ruch Chorzów', 'pol', 'ruch_chorzow.png', 4),
('rcl', 'RC Lens', 'fra', 'rc_lens.png', 5),
('rcn', 'US Recanatese', 'ita', NULL, 1),
('rco', 'Ross County FC', 'sco', NULL, 4),
('rcs', 'RC Strasbourg', 'fra', 'rc_strasbourg.png', 4),
('rcu', 'Râmnicu Vâlcea', 'rom', NULL, 1),
('rdg', 'FC Rodingen 91', 'lux', NULL, 3),
('rdk', 'Radnički Kragujevac', 'srb', NULL, 4),
('rdm', 'NK Radomlje', 'svn', NULL, 5),
('rdn', 'Radnički Niš', 'srb', NULL, 5),
('rdo', 'AE Rodos', 'gre', NULL, 1),
('rdp', 'Rudar Pljevlja', 'mne', NULL, 4),
('rds', 'Red Star FC', 'fra', 'red_star_fc.png', 2),
('rdz', 'Rodez AF', 'fra', 'rodez_af.png', 3),
('reb', 'RUS Rebecquoise', 'bel', NULL, 1),
('red', 'Reading FC', 'eng', NULL, 1),
('rei', 'Stade de Reims', 'fra', 'stade_de_reims.png', 5),
('rek', 'Rekord Bielsko-Biała', 'pol', NULL, 1),
('ren', 'Stade rennais', 'fra', 'stade_rennais.png', 5),
('res', 'Resovia', 'pol', 'resovia.png', 2),
('rez', 'Rēzeknes FA', 'lva', NULL, 4),
('rfc', 'Randers FC', 'den', NULL, 4),
('rff', 'Racing CFF', 'fra', NULL, 1),
('rfo', 'Real Farma Odesa', 'ukr', NULL, 2),
('rfs', 'FK RFS', 'lva', NULL, 5),
('rfs2', 'FK RFS-2', 'lva', NULL, 3),
('rga', 'FC Rosengård', 'swe', NULL, 1),
('rgg', 'Reggiana', 'ita', 'reggiana.png', 2),
('rgs', 'FC Rànger’s', 'and', 'fc_rangers.png', 4),
('rhe', 'SVG Reichenau', 'aut', NULL, 2),
('rib', 'GD Ribeirão', 'por', NULL, 1),
('rie', 'SV Ried', 'aut', NULL, 4),
('rig', 'Riga FC', 'lva', NULL, 5),
('rig2', 'Riga FC-2', 'lva', NULL, 3),
('rij', 'HNK Rijeka', 'cro', NULL, 5),
('rim', 'Rimini FC', 'ita', 'rimini_fc.png', 1),
('rin', 'Rijnsburgse Boys', 'nld', NULL, 1),
('rit', 'FK Riteriai', 'ltu', NULL, 4),
('rit2', 'FK Riteriai B', 'ltu', NULL, 3),
('riz', 'Çaykur Rizespor', 'tur', NULL, 4),
('rjc', 'Roda JC Kerkrade', 'nld', 'roda_jc_kerkrade.png', 4),
('rjo', 'FC Rapperswil-Jona', 'swi', NULL, 3),
('rjv', 'FC Rijnvogels', 'nld', NULL, 1),
('rkc', 'RKC Waalwijk', 'nld', 'rkc_waalwijk.png', 5),
('rkr', 'FC Rotkreuz', 'swi', NULL, 1),
('rkv', 'RKAV Volendam', 'nld', NULL, 1),
('rlz', 'Hapoel Rishon LeZion', 'isr', NULL, 3),
('rma', 'Real Madrid', 'spa', 'real_madrid.png', 5),
('rma2', 'Real Madrid B', 'spa', NULL, 2),
('rmc', 'Roma City', 'ita', NULL, 1),
('rmj', 'CF Rayo Majadahonda', 'spa', NULL, 1),
('rmo', 'SO Romorantin', 'fra', NULL, 1),
('rmu', 'Real Murcia', 'spa', 'real_murcia.png', 2),
('rnh', 'Ranheim Fotball', 'nor', NULL, 3),
('rnt', 'AC Renate', 'ita', NULL, 1),
('rob', 'FK Robstav', 'cze', NULL, 1),
('roc', 'Rochdale AFC', 'eng', NULL, 1),
('rod', 'SV Rödinghausen', 'ger', NULL, 1),
('rof', 'Union Rochefortoise', 'bel', NULL, 1),
('rog', 'NK Rogaška', 'svn', NULL, 5),
('rok', 'FC Roskilde', 'den', NULL, 3),
('rom', 'AS Roma', 'ita', 'as_roma.png', 5),
('rop', 'RoPS', 'fin', NULL, 2),
('ros', 'OJC Rosmalen', 'nld', NULL, 1),
('rot', 'Rotherham United', 'eng', 'rotherham_united.png', 2),
('rou', 'FC Rouen', 'fra', 'fc_rouen.png', 2),
('rov', 'NK Rovinj', 'cro', NULL, 2),
('rpd', 'Rapid Wien', 'aut', NULL, 5),
('rpd2', 'Rapid Wien II', 'aut', NULL, 3),
('rph', 'ÉFC Fréjus Saint-Raphaël', 'fra', NULL, 1),
('rps', 'Vaasan Palloseura', 'fin', NULL, 5),
('rro', 'Raith Rovers', 'sco', NULL, 4),
('rsb', 'MŠK Rimavská Sobota', 'svk', NULL, 2),
('rsc', 'Real SC', 'por', NULL, 1),
('rsh', 'Rushall Olympic', 'eng', NULL, 1),
('rsi', 'CSM Reșița', 'rom', NULL, 3),
('rsm', 'Radnički SM', 'srb', NULL, 3),
('rso', 'Real Sociedad', 'spa', 'read_sociedad.png', 5),
('rso2', 'Real Sociedad B', 'spa', NULL, 1),
('rso3', 'Real Sociedad C', 'spa', NULL, 1),
('rsp', 'Victoria Rosport', 'lux', 'victoria_rosport.png', 4),
('rst', 'Radunia Stężyca', 'pol', 'radunia_stezyca.png', 1),
('rth', 'SC Röthis', 'aut', NULL, 1),
('rud', 'NK Rudeš', 'cro', NULL, 4),
('rug', 'FC Ruggell', 'lie', NULL, 1),
('rum', 'US Rumelange', 'lux', NULL, 3),
('run', 'Racing FC Union', 'lux', 'racing_fc_union.png', 5),
('rup', 'Rupel Boom FC', 'bel', NULL, 1),
('rus', 'SK Rustawi', 'geo', NULL, 4),
('rux', 'Rukh Lviv', 'ukr', NULL, 5),
('rux2', 'Rukh-2 Lviv', 'ukr', NULL, 2),
('ruz', 'MFK Ružomberok', 'svk', NULL, 5),
('rve', 'Rudar Velenje', 'svn', NULL, 4),
('rvi', 'Real Avilés ICF', 'spa', NULL, 1),
('rvn', 'Ravenna FC', 'ita', NULL, 1),
('rwd', 'RWD Molenbeek', 'bel', NULL, 4),
('rwr', 'FC Rot-Weiß Rankweil', 'aut', NULL, 1),
('s04', 'FC Schalke 04', 'ger', 'fc_schalke_04.png', 5),
('s042', 'FC Schalke 04 II', 'ger', NULL, 1),
('s08', 'Sarpsborg 08', 'nor', NULL, 4),
('saa', '1. FC Saarbrücken', 'ger', '1_fc_saarbruecken.png', 2),
('sab', 'Sabah FK', 'aze', NULL, 5),
('sag', 'Atlético Saguntino', 'spa', NULL, 1),
('saj', 'Borac Šajkaš', 'srb', NULL, 2),
('sak', 'FC Saksan', 'mda', NULL, 5),
('sal', 'Salernitana', 'ita', 'salernitana.png', 3),
('sam', 'Samsunspor', 'tur', NULL, 5),
('san', 'UE Sant Andreu', 'spa', NULL, 1),
('sao', 'SC São João de Ver', 'por', NULL, 1),
('sar', 'FK Sarajevo', 'bih', NULL, 5),
('sas', 'US Sassuolo', 'ita', 'us_sassuolo.png', 4),
('sau', 'Olympique de Saumur', 'fra', NULL, 1),
('sav', 'Olimpija Savynci', 'ukr', NULL, 1),
('sba', 'CE Sabadell FC', 'spa', NULL, 1),
('sbe', 'HNK Šibenik', 'cro', NULL, 5),
('sbi', 'Stirling Albion', 'sco', NULL, 2),
('sbr', 'Start Brno', 'cze', NULL, 2),
('sbs', 'UD San Sebastián de los Reyes', 'spa', NULL, 1),
('sbu', 'Steaua București', 'rom', NULL, 4),
('sbv', 'FC Sellier & Bellot Vlašim', 'cze', NULL, 3),
('scb', 'Scarborough Althletic', 'eng', NULL, 1),
('scc', 'SC Cham', 'swi', NULL, 3),
('sch', 'FC Schaffhausen', 'swi', NULL, 4),
('sci', 'St. Lucia FC', 'mlt', 'st_lucia_fc.png', 4),
('sck', 'Stockport County', 'eng', NULL, 1),
('scl', 'CD Santa Clara', 'por', NULL, 4),
('scp', 'Sporting CP', 'por', NULL, 5),
('scp2', 'Sporting CP B', 'por', NULL, 2),
('scu', 'Scunthorpe United', 'eng', NULL, 1),
('scw', 'Star Starachowice', 'pol', NULL, 1),
('sdb', 'Stjørdals-Blink', 'nor', NULL, 2),
('sdc', 'SteDoCo', 'nld', NULL, 1),
('sdh', 'Strindheim Fotball', 'nor', NULL, 1),
('sdj', 'SønderjyskE', 'den', NULL, 4),
('sdo', 'Sloga Meridian', 'bih', NULL, 5),
('sdr', 'B71 Sandur', 'fro', 'b71_sandur.png', 4),
('sds', 'Sandnes Ulf', 'nor', NULL, 3),
('sdt', 'US Sambenedettese', 'ita', NULL, 1),
('sdu', 'Sūduva Marijampolė', 'ltu', NULL, 5),
('sdv', 'Sandvikens IF', 'swe', NULL, 2),
('sea', 'Sevilla Atlético', 'spa', NULL, 1),
('seb', 'Səbail FK', 'aze', NULL, 5),
('sec', 'FC La Sarraz-Eclépens', 'swi', NULL, 1),
('sed', 'ŠKF Sereď', 'svk', NULL, 3),
('seg', 'Segesta Sisak', 'cro', NULL, 2),
('sek', 'SV Seekirchen', 'aut', NULL, 1),
('sel', 'Spartanii Selemet', 'mda', NULL, 5),
('sen', 'FK Senica', 'svk', NULL, 4),
('ser', 'Servette FC', 'swi', NULL, 5),
('ser2', 'Servette FC II', 'swi', NULL, 1),
('ses', 'NK Sesvete', 'cro', NULL, 3),
('sev', 'Sevilla FC', 'spa', 'sevilla_fc.png', 5),
('sew', 'Sint-Eloois-Winkel Sport', 'bel', NULL, 2),
('sfc', 'FC Santa Coloma', 'and', 'fc_santa_coloma.png', 5),
('sfc2', 'FC Santa Coloma B', 'and', NULL, 1),
('sfe', 'San Fernando CD', 'spa', NULL, 1),
('sfk', 'BFC Siófok', 'hun', NULL, 3),
('sfl', 'FC Schifflange 95', 'lux', 'fc_schifflange_95.png', 5),
('sfs', 'Selfoss', 'ice', NULL, 3),
('sga', 'FC St. Gallen', 'swi', NULL, 5),
('sga2', 'FC St. Gallen II', 'swi', NULL, 1),
('sgd', 'KP Starogard Gdański', 'pol', NULL, 1),
('sgi', 'SS San Giovanni', 'smr', 'ss_san_giovanni.png', 4),
('sgk', 'Stuttgarter Kickers', 'ger', NULL, 1),
('sgl', 'Senglea Athletic', 'mlt', 'senglea_athletic.png', 4),
('sgn', 'ASV Siegendorf', 'aut', NULL, 1),
('sgu', 'SC Salgueiros', 'por', NULL, 1),
('sgv', 'Gimnástica Segoviana CF', 'spa', NULL, 1),
('sgw', 'Stilon Gorzów Wielkopolski', 'pol', NULL, 1),
('sha', 'Shakhtar Doneck', 'ukr', NULL, 5),
('shb', 'Shrewsbury Town', 'eng', NULL, 1),
('she', 'Sheriff Tiraspol', 'mda', NULL, 5),
('she2', 'Sheriff-2 Tiraspol', 'mda', NULL, 4),
('shf', 'Sheffield United', 'eng', 'sheffield_united.png', 3),
('shg', 'Shirak Giumri', 'arm', NULL, 5),
('shg2', 'Shirak Giumri II', 'arm', NULL, 1),
('shh', 'SV Schalding-Heining', 'ger', NULL, 1),
('shi', '1. FC Schweinfurt 05', 'ger', NULL, 1),
('shk', 'Shakhtior Qaragandy', 'kaz', NULL, 5),
('shl', 'CSC 1599 Șelimbăr', 'rom', NULL, 3),
('shm', 'TSV Schott Mainz', 'ger', NULL, 1),
('shn', 'FC Schaan', 'lie', NULL, 1),
('sho', 'Shelbourne FC', 'irl', NULL, 5),
('shp', 'KF Shkupi', 'mkd', NULL, 5),
('shr', 'Shamrock Rovers', 'irl', NULL, 5),
('shs', 'Shakhcior Soligorsk', 'blr', NULL, 5),
('sht', 'SFC Shturmi', 'geo', NULL, 4),
('shu', 'SV Sandhausen', 'ger', 'sv_sandhausen.png', 2),
('shv', 'SVV Scheveningen', 'nld', NULL, 1),
('shw', 'Sheffield Wednesday', 'eng', 'sheffield_wednesday.png', 2),
('shz', 'SC Schwaz', 'aut', NULL, 1),
('sia', 'FA Šiauliai', 'ltu', NULL, 5),
('sia2', 'FA Šiauliai B', 'ltu', NULL, 3),
('sib', 'Sioni Bolnisi', 'geo', NULL, 4),
('sic', 'Siracusa', 'ita', NULL, 1),
('sie', 'Warta Sieradz', 'pol', NULL, 1),
('sif', 'Silkeborg IF', 'den', NULL, 5),
('sig', 'Sigma Olomouc', 'cze', NULL, 5),
('sig2', 'Sigma Olomouc B', 'cze', NULL, 2),
('sik', 'Serik Belediyespor', 'tur', NULL, 1),
('sil', 'Sileks Kratovo', 'mkd', NULL, 5),
('sin', 'Sirens FC', 'mlt', 'sirens_fc.png', 5),
('sio', 'FC Sion', 'swi', NULL, 4),
('sio2', 'FC Sion II', 'swi', NULL, 1),
('sir', 'IK Sirius', 'swe', NULL, 4),
('siv', 'Sivasspor', 'tur', NULL, 5),
('sja', 'SJK Akatemia', 'fin', NULL, 3),
('sjb', 'Stjarnan', 'ice', NULL, 5),
('sjk', 'Seinäjoen JK', 'fin', NULL, 5),
('sjo', 'St. Johnstone FC', 'sco', NULL, 4),
('sju', 'AD San Juan', 'spa', NULL, 1),
('ska', 'MFK Skalica', 'svk', NULL, 5),
('skc', 'Skra Częstochowa', 'pol', 'skra_czestochowa.png', 1),
('skd', 'Skeid Fotball', 'nor', NULL, 2),
('ske', 'Shkendija Tetovo', 'mkd', NULL, 5),
('ski', 'Skive IK', 'den', NULL, 2),
('skl', 'Skála ÍF', 'fro', 'skala_if.png', 4),
('skn', 'Skanstes SK', 'lva', NULL, 4),
('sko', 'FK Skopje', 'mkd', NULL, 5),
('skp', 'Sakaryaspor', 'tur', NULL, 3),
('skr', 'Unia Skierniewice', 'pol', NULL, 1),
('sks', 'Skala 1911 Stryj', 'ukr', NULL, 2),
('sku', 'Unia Solec Kujawski', 'pol', NULL, 1),
('skv', 'Skövde AIK', 'swe', NULL, 3),
('sky', 'Skënderbeu Korçë', 'alb', NULL, 5),
('sla', 'Śląsk Wrocław', 'pol', 'slask_wroclaw.png', 5),
('sla2', 'Śląsk II Wrocław', 'pol', NULL, 1),
('slb', 'Slovan Bratislava', 'svk', NULL, 5),
('slb2', 'Slovan Bratislava B', 'svk', NULL, 3),
('sld', 'FK Sloboda Tuzla', 'bih', NULL, 4),
('sle', 'FC Solothurn', 'swi', NULL, 2),
('slf', 'Salford City', 'eng', NULL, 1),
('slg', 'Slough Town', 'eng', NULL, 1),
('slh', 'FK Sluck', 'blr', NULL, 5),
('sli', 'Solihull Moors', 'eng', NULL, 1),
('slj', 'Victoria Sulejówek', 'pol', NULL, 1),
('sll', 'Slovan Liberec', 'cze', NULL, 5),
('sll2', 'Slovan Liberec B', 'cze', NULL, 1),
('sln', 'FK Slonim-2017', 'blr', NULL, 2),
('slo', 'FC Stade Lausanne Ouchy', 'swi', NULL, 4),
('slq', 'Atlético Sanluqueño', 'spa', NULL, 1),
('sls', 'Slavia Sofia', 'bul', NULL, 5),
('slt', 'CSM Slatina', 'rom', NULL, 2),
('slu', 'Sportlust \'49', 'nld', NULL, 1),
('slv', 'Slavia Praha', 'cze', NULL, 5),
('slv2', 'Slavia Praha B', 'cze', NULL, 2),
('slw', 'Ślęza Wrocław', 'pol', NULL, 1),
('slz', 'SPG Silz/Mötz', 'aut', NULL, 1),
('sme', 'Smederevo 1924', 'srb', NULL, 3),
('smg', 'FK Smorgon', 'blr', NULL, 4),
('smi', 'Stal Mielec', 'pol', 'stal_mielec.png', 4),
('sml', 'FK Smiltene/BJSS', 'lva', NULL, 4),
('smm', 'Strømmen IF', 'nor', NULL, 2),
('smo', 'US Saint-Malo', 'fra', NULL, 1),
('smp', 'UC Sampdoria', 'ita', 'uc_sampdoria.png', 3),
('smr', 'FC ŠTK 1914 Šamorín', 'svk', NULL, 3),
('sms', 'ASV Schrems', 'aut', NULL, 1),
('smt', 'SK Samtredia', 'geo', NULL, 5),
('smu', 'Stenhousemuir FC', 'sco', NULL, 2),
('smw', 'Sliema Wanderers FC', 'mlt', 'sliema_wanderers_fc.png', 4),
('smx', 'Şamaxı FK', 'aze', NULL, 4),
('smy', 'Sokil Mykhajlivka-Rubezhivka', 'ukr', NULL, 1),
('snd', 'Sandefjord Fotball', 'nor', NULL, 4),
('sng', 'RFC Seraing', 'bel', NULL, 2),
('sni', 'MFK Snina', 'svk', NULL, 2),
('snj', 'AD Sanjoanense', 'por', NULL, 2),
('snl', 'Şanlıurfaspor', 'tur', NULL, 2),
('snn', 'GDRC Os Sandinenses', 'por', NULL, 1),
('sno', 'SK Super Nova', 'lva', NULL, 5),
('sns', 'Sandecja Nowy Sącz', 'pol', 'sandecja_nowy_sacz.png', 2),
('snt', 'SU Sintrense', 'por', NULL, 1),
('snv', 'FK Spišská Nová Ves', 'svk', NULL, 2),
('sny', 'Spennymoor Town', 'eng', NULL, 1),
('soe', 'Southend United', 'eng', NULL, 1),
('sog', 'Sogndal Fotball', 'nor', NULL, 3),
('sok', 'Sokol Hostouň', 'cze', NULL, 2),
('sol', 'NK Solin', 'cro', NULL, 4),
('som', 'Somaspor', 'tur', NULL, 1),
('son', 'Sollentuna FK', 'swe', NULL, 1),
('sop', 'Southport FC', 'eng', NULL, 1),
('sor', 'Soroksár SC', 'hun', NULL, 3),
('sos', 'Sotra SK', 'nor', NULL, 2),
('sot', 'Southampton FC', 'eng', 'southampton_fc.png', 4),
('sou', 'Baník Most-Souš', 'cze', NULL, 2),
('sox', 'FC Sochaux-Montbéliard', 'fra', 'fc_sochaux_montbeliard.png', 3),
('sp', 'Salon Palloilijat', 'fin', NULL, 3),
('spa', 'Sparta Praha', 'cze', NULL, 5),
('spa2', 'Sparta Praha B', 'cze', NULL, 2),
('spd', 'MŠK Spišské Podhradie', 'svk', NULL, 1),
('spe', 'SV Spakenburg', 'nld', 'sv_spakenburg.png', 2),
('spf', 'SV Stripfing', 'aut', NULL, 3),
('sph', 'SC Spelle-Venhaus', 'ger', NULL, 1),
('spi', 'FC Spaeri', 'geo', NULL, 4),
('spj', 'Jong Sparta Rotterdam', 'nld', NULL, 1),
('spl', 'SPAL', 'ita', NULL, 1),
('spr', 'Sparta Rotterdam', 'nld', 'sparta_rotterdam.png', 5),
('sps', 'Spartak Subotica', 'srb', NULL, 5),
('spt', 'Sparta Petegem', 'bel', NULL, 1),
('spu', 'Sportunion Mauer', 'aut', NULL, 1),
('spv', 'Spartak Varna', 'bul', NULL, 5),
('spz', 'Spezia', 'ita', 'spezia.png', 3),
('sra', 'Stranraer FC', 'sco', NULL, 2),
('srk', 'Siarka Tarnobrzeg', 'pol', NULL, 1),
('srl', 'MFK Stará Ľubovňa', 'svk', NULL, 2),
('sro', 'FC Slovan Rosice', 'cze', NULL, 1),
('srp', 'FC Serpa', 'por', NULL, 1),
('srr', 'Sorrento', 'ita', NULL, 1),
('srs', 'Sligo Rovers', 'irl', NULL, 5),
('srt', 'Sertanense FC', 'por', NULL, 1),
('srw', 'Polonia Środa Wielkopolska', 'pol', NULL, 1);
INSERT INTO `clubs` (`str_id`, `name`, `national_team_id`, `logo_src`, `level`) VALUES
('ssa', 'FK Sasa', 'mkd', NULL, 3),
('sse', 'FC Alisontia Steinsel', 'lux', NULL, 3),
('ssf', 'SS Folgore/Falciano', 'smr', 'ss_folgore_falciano.png', 5),
('ssg', 'Sepsi Sfântu Gheorghe', 'rom', NULL, 5),
('ssh', 'South Shields FC', 'eng', NULL, 1),
('ssi', 'Sokół Sieniawa', 'pol', NULL, 1),
('ssl', 'Strumska Slava', 'bul', NULL, 3),
('sso', 'Septemvri Sofia', 'bul', NULL, 4),
('sst', 'Sestao River Club', 'spa', NULL, 1),
('ssu', 'IFK Stocksund', 'swe', NULL, 1),
('ssw', 'Stal Stalowa Wola', 'pol', 'stal_stalowa_wola.png', 2),
('ssz', 'Świt Szczecin', 'pol', NULL, 1),
('st', 'FC Struga', 'mkd', NULL, 5),
('sta', 'IK Start', 'nor', NULL, 3),
('stb', 'Stabæk Fotball', 'nor', NULL, 4),
('stc', 'RRC Stockay-Warfusée', 'bel', NULL, 1),
('ste', 'Stevenage FC', 'eng', 'stevenage_fc.png', 2),
('stf', 'Strømsgodset IF', 'nor', NULL, 5),
('stg', 'Sturm Graz', 'aut', NULL, 5),
('stg2', 'Sturm Graz II', 'aut', NULL, 3),
('sth', 'VV Staphorst', 'nld', NULL, 1),
('sti', 'Stockholm Internazionale', 'swe', NULL, 2),
('stj', 'St Joseph\'s FC', 'gib', 'st_josephs_fc.png', 5),
('stk', 'Stoke City', 'eng', 'stoke_city.png', 2),
('stl', 'Standard Liège', 'bel', NULL, 5),
('stl2', 'SL16 FC', 'bel', NULL, 2),
('stm', 'St. Mirren FC', 'sco', NULL, 5),
('stn', 'Spartak Trnava', 'svk', NULL, 5),
('sto', 'Stomil Olsztyn', 'pol', 'stomil_olsztyn.png', 2),
('stp', 'St. Patrick’s Athletic', 'irl', NULL, 5),
('str', 'Stal Rzeszów', 'pol', 'stal_rzeszow.png', 3),
('stt', 'Fortuna Sittard', 'nld', 'fortuna_sittard.png', 4),
('stu', 'VfB Stuttgart', 'ger', 'vfb_stuttgart.png', 4),
('stu2', 'VfB Stuttgart II⁠', 'ger', NULL, 1),
('sty', 'SK Vorwärts Steyr', 'aut', NULL, 2),
('stz', 'FC Schötz', 'swi', NULL, 2),
('sub', 'Sundby BK', 'den', NULL, 2),
('suc', 'Real Succes Chișinău', 'mda', NULL, 4),
('sud', 'FC Südtirol', 'ita', 'fc_sudtirol.png', 2),
('sue', 'UE Santa Coloma', 'and', 'ue_santa_coloma.png', 5),
('sue2', 'UE Santa Coloma B', 'and', NULL, 1),
('suh', 'FC Suhareka', 'kos', NULL, 4),
('suk', 'FK Sutjeska Nikšić', 'mne', NULL, 5),
('sum', 'Sumqayıt FK', 'aze', NULL, 5),
('sun', 'Sunderland', 'eng', 'sunderland.png', 3),
('sur', 'Radnik Surdulica', 'srb', NULL, 4),
('sut', 'Sutton United', 'eng', NULL, 1),
('suz', 'Sloboda Užice', 'srb', NULL, 3),
('svc', 'Radnički Svilajnac', 'srb', NULL, 2),
('svd', 'Slovan Duslo Šaľa', 'svk', NULL, 2),
('sve', 'Slovan Velvary', 'cze', NULL, 2),
('svi', '1. FK Svidník', 'svk', NULL, 1),
('svj', 'Slavoj Trebišov', 'svk', NULL, 3),
('svk', 'Slávia TU Košice', 'svk', NULL, 2),
('svo', 'Sportist Svoge', 'bul', NULL, 2),
('svr', 'Svoronos FC', 'gre', NULL, 2),
('swa', 'Unia Swarzędz', 'pol', NULL, 1),
('swc', 'Swansea City', 'eng', 'swansea_city.png', 3),
('swd', 'Świdniczanka Świdnik', 'pol', NULL, 1),
('swi', 'Swift Hesperange', 'lux', 'swift_hesperange.png', 5),
('swm', 'Świt Nowy Dwór Mazowiecki', 'pol', NULL, 1),
('swn', 'Flota Świnoujście', 'pol', NULL, 1),
('swq', 'Swieqi United', 'mlt', NULL, 3),
('swt', 'Swindon Town', 'eng', NULL, 1),
('syr', 'Sarıyer SK', 'tur', NULL, 1),
('syu', 'Syunik', 'arm', NULL, 4),
('sze', 'Szentlőrinci SE', 'hun', NULL, 2),
('szg', 'Szeged-Csanád GA', 'hun', NULL, 4),
('szo', 'Szolnoki MÁV FC', 'hun', NULL, 1),
('szz', 'Seravezza', 'ita', NULL, 1),
('t89', 'KF Trepça’89', 'kos', NULL, 4),
('tab', 'JK Tabasalu', 'est', NULL, 4),
('tal', 'CF Talavera de la Reina', 'spa', NULL, 1),
('tam', 'Tamworth FC', 'eng', NULL, 1),
('tan', 'Tonbridge Angels', 'eng', NULL, 1),
('tar', 'Taranto', 'ita', NULL, 1),
('tat', 'Team Altamura', 'ita', NULL, 1),
('tau', 'Taunton Town', 'eng', NULL, 1),
('tav', 'AC Taverne', 'swi', NULL, 1),
('tba', 'SK Treibach', 'aut', NULL, 1),
('tbh', 'Tatran Bohunice', 'cze', NULL, 1),
('tbo', 'FC Silon Táborsko', 'cze', NULL, 3),
('tbo2', 'FC Táborsko akademie', 'cze', NULL, 1),
('tby', 'Täby FK', 'swe', NULL, 1),
('tbz', '1461 Trabzon FK', 'tur', NULL, 2),
('tec', 'TEC', 'nld', NULL, 1),
('tek', 'Tekstilac Odžaci', 'srb', NULL, 4),
('tel', 'Telstar', 'nld', 'telstar.png', 2),
('ten', 'CD Tenerife', 'spa', 'cd_tenerife.png', 3),
('teo', 'FC Teutonia 05 Ottensen', 'ger', NULL, 1),
('tep', 'FK Teplice', 'cze', NULL, 5),
('tep2', 'FK Teplice B', 'cze', NULL, 1),
('ter', 'Ternana', 'ita', 'ternana.png', 2),
('tes', 'Tesla Stropkov', 'svk', NULL, 2),
('tet', 'FK Teteks', 'mkd', NULL, 3),
('teu', 'Teuta Durrës', 'alb', NULL, 5),
('tfb', 'Tromsdalen Fotball', 'nor', NULL, 2),
('tff', 'Hammarby TFF', 'swe', NULL, 2),
('tfi', 'SP Tre Fiori', 'smr', 'sp_tre_fiori.png', 5),
('tfk', 'Turkistan FK', 'kaz', NULL, 3),
('tfn', 'CD Trofense', 'por', NULL, 2),
('tgb', 'TOGB', 'nld', NULL, 1),
('tgg', 'FC Tuggen', 'swi', NULL, 2),
('tha', 'FC Trollhättan', 'swe', NULL, 2),
('the', 'Thes Sport', 'bel', NULL, 2),
('thi', 'Thisted FC', 'den', NULL, 2),
('thn', 'Thonon Évian GG FC', 'fra', NULL, 1),
('tho', 'Þór Akureyri', 'ice', NULL, 4),
('thr', 'Þróttur Reykjavík', 'ice', NULL, 4),
('tht', 'Thermaikos Thermis', 'gre', NULL, 1),
('thu', 'FC Thun', 'swi', NULL, 4),
('thu2', 'FC Thun II', 'swi', NULL, 1),
('thy', 'Thyella Rafina', 'gre', NULL, 2),
('tic', 'RG Ticino', 'ita', NULL, 1),
('tie', 'KVK Tienen', 'bel', NULL, 2),
('tik', 'GFK Tikvesh', 'mkd', NULL, 5),
('til', 'Tampereen Ilves', 'fin', NULL, 5),
('tim', 'Politehnica Timișoara', 'rom', NULL, 2),
('tir', 'KF Tirana', 'alb', NULL, 5),
('tis', 'FC Tiszaújváros', 'hun', NULL, 1),
('tiv', 'Arsenal Tivat', 'mne', NULL, 5),
('tka', 'AO Trikala', 'gre', NULL, 1),
('tki', 'FCM Traiskirchen', 'aut', NULL, 2),
('tkr', 'Triglav Kranj', 'svn', NULL, 4),
('tku', 'Torpedo Kutaisi', 'geo', NULL, 5),
('tla', 'Torslanda IK', 'swe', NULL, 1),
('tle', 'Trelleborgs FF', 'swe', NULL, 3),
('tlf', 'Tilikratis Lefkada', 'gre', NULL, 2),
('tli', 'Trélissac FC', 'fra', NULL, 1),
('tll', 'FC Tallinn', 'est', NULL, 4),
('tlm', 'Tatran Liptovský Mikuláš', 'svk', NULL, 3),
('tln', 'SC Toulon', 'fra', NULL, 1),
('tlw', 'SK Telawi', 'geo', NULL, 5),
('tmi', 'SV Tillmitsch', 'aut', NULL, 1),
('tmk', 'FK Timok', 'srb', NULL, 2),
('tmo', 'KF Tomori', 'alb', NULL, 3),
('tmr', 'União de Tomar', 'por', NULL, 1),
('tmt', 'Tartu JK Tammeka', 'est', NULL, 5),
('tmu', 'TSV 1860 München', 'ger', 'tsv_1860_munich.png', 2),
('tnc', 'FK Třinec', 'cze', NULL, 2),
('tni', 'RFC Tournai', 'bel', NULL, 1),
('tnj', 'NK Trešnjevka', 'cro', NULL, 2),
('tnm', 'Tranmere Rovers', 'eng', NULL, 1),
('tns', 'The New Saints FC', 'wal', NULL, 5),
('tnt', 'AC Trento', 'ita', NULL, 1),
('tob', 'Tobol FK', 'kaz', NULL, 5),
('toe', 'SCU Torreense', 'por', NULL, 3),
('tog', 'KSK Tongeren', 'bel', NULL, 1),
('toi', 'Torns IF', 'swe', NULL, 1),
('tol', 'NK Tolmin', 'svn', NULL, 3),
('tom', 'HNK Tomislav', 'bih', NULL, 3),
('ton', 'CD Tondela', 'por', NULL, 3),
('tor', 'Torino FC', 'ita', 'torino_fc.png', 5),
('tot', 'Tottenham Hotspur', 'eng', 'tottenham_hotspur.png', 5),
('tou', 'Toulouse FC', 'fra', 'toulouse_fc.png', 4),
('tou2', 'Toulouse FC II', 'fra', NULL, 1),
('tov', 'Tempo Overijse', 'bel', NULL, 1),
('tpa', 'Trapani', 'ita', NULL, 1),
('tpc', 'KF Trepça', 'kos', NULL, 4),
('tpe', 'SP Tre Penne', 'smr', 'sp_tre_penne.png', 5),
('tpr', 'FC Tatran Prešov', 'svk', NULL, 4),
('tra', 'FK TransINVEST', 'ltu', NULL, 5),
('trb', 'Trabzonspor', 'tur', NULL, 5),
('trc', 'FK Trostianec', 'ukr', NULL, 2),
('tre', 'AS Trenčin', 'svk', NULL, 5),
('trf', 'De Treffers', 'nld', 'de_treffers.png', 2),
('trh', 'KM Torhout', 'bel', NULL, 1),
('tri', 'US Triestina', 'ita', 'us_triestina.png', 2),
('trk', 'Türkgücü München', 'ger', NULL, 1),
('trl', 'CD Teruel', 'spa', NULL, 1),
('trn', 'NK Trnje', 'cro', NULL, 3),
('tro', 'Tromsø IL', 'nor', NULL, 5),
('trp', 'Tarpieda-BielAZ', 'blr', NULL, 5),
('trq', 'Torquay United', 'eng', NULL, 1),
('trr', 'Torres', 'ita', 'torres.png', 2),
('trs', 'SS Turris', 'ita', NULL, 1),
('trt', 'Torrent CF', 'spa', NULL, 1),
('tru', 'Truro City', 'eng', NULL, 1),
('trv', 'Treviso FBC', 'ita', NULL, 1),
('trx', 'Tarxien Rainbows FC', 'mlt', NULL, 3),
('try', 'Treaty United', 'irl', NULL, 4),
('trz', 'Taraz FK', 'kaz', NULL, 5),
('tsa', 'US Terre Sainte', 'swi', NULL, 1),
('tsb', 'FC Triesenberg', 'lie', NULL, 1),
('tsc', 'TSC Bačka Topola', 'srb', NULL, 5),
('tse', 'FC Tirsense', 'por', NULL, 1),
('tsl', 'Unia Turza Śląska', 'pol', NULL, 1),
('tsn', 'FC Triesen', 'lie', NULL, 1),
('tsp', 'The Spartans FC', 'sco', NULL, 2),
('tss', 'Terrassa FC', 'spa', NULL, 1),
('tsz', 'Tiszakécske FC', 'hun', NULL, 3),
('tta', 'Tatabányai SC', 'hun', NULL, 2),
('ttu', 'Turan FK', 'kaz', NULL, 4),
('tub', 'Union Tubize-Braine', 'bel', NULL, 1),
('tud', 'CD Tudelano', 'spa', NULL, 1),
('tui', 'Sint-Truidense VV', 'bel', NULL, 4),
('tuk', 'FK Tukums 2000', 'lva', NULL, 5),
('tuk2', 'FK Tukums 2000-2', 'lva', NULL, 3),
('tun', 'CS Tunari', 'rom', NULL, 2),
('tup', 'Turun Palloseura', 'fin', NULL, 4),
('tur', 'Inter Turku', 'fin', NULL, 5),
('tut', 'Turan Tovuz', 'aze', NULL, 5),
('tuz', 'Tuzla City', 'bih', NULL, 5),
('tva', 'Tvååkers IF', 'swe', NULL, 2),
('tvo', 'TB Tvøroyri', 'fro', 'tb_tvoroyri.png', 4),
('twe', 'FC Twente', 'nld', 'fc_twente.png', 5),
('tyc', 'GKS Tychy', 'pol', 'gks_tychy.png', 3),
('tye', 'ES Troyes AC', 'fra', 'es_troyes_ac.png', 2),
('tys', 'Ahrotekh Tyshkivka', 'ukr', NULL, 1),
('tyt', 'Tytan Odesa', 'ukr', NULL, 1),
('tza', 'Tabor Sežana', 'svn', NULL, 3),
('tzl', 'Tuzlaspor', 'tur', NULL, 2),
('tzo', 'SD Tarazona', 'spa', NULL, 1),
('uad', 'AD Unión Adarve', 'spa', NULL, 1),
('uai', 'Unirea Alba Iulia', 'rom', NULL, 1),
('ucd', 'University College Dublin', 'irl', NULL, 5),
('ucl', 'Universitatea Cluj', 'rom', NULL, 4),
('ucm', 'UCAM Murcia CF', 'spa', NULL, 1),
('uco', 'União de Coimbra', 'por', NULL, 1),
('ucv', 'Universitatea Craiova', 'rom', NULL, 5),
('ude', 'Unirea Dej', 'rom', NULL, 2),
('udi', 'Udinese', 'ita', 'udinese.png', 4),
('udl', 'União de Leiria', 'por', NULL, 2),
('uec', 'UE Cornellà', 'spa', NULL, 1),
('uhb', 'ČSK Uherský Brod', 'cze', NULL, 1),
('ujp', 'Újpest FC', 'hun', NULL, 5),
('ujp2', 'Újpest FC II', 'hun', NULL, 1),
('ulg', 'UD Logroñés', 'spa', NULL, 1),
('ulk', 'Ullensaker/Kisa IL', 'nor', NULL, 2),
('ulm', 'SSV Ulm 1846', 'ger', 'ssv_ulm_1846.png', 2),
('ulp', 'KF Ulpiana', 'kos', NULL, 4),
('ume', 'Umeå FC', 'swe', NULL, 2),
('umr', 'Ümraniyespor', 'tur', NULL, 2),
('una', 'UNA', 'nld', NULL, 1),
('unb', 'Union Berlin', 'ger', 'union_berlin.png', 5),
('unc', 'Univer Comrat', 'mda', NULL, 4),
('ung', 'FCM Ungheni', 'mda', NULL, 4),
('unh', 'SpVgg Unterhaching', 'ger', 'spvgg_unterhaching.png', 2),
('uni', 'GVV Unitas', 'nld', NULL, 1),
('unl', 'FK Ústí nad Labem', 'cze', NULL, 2),
('uno', 'SK Uničov', 'cze', NULL, 2),
('uns', 'UNA Strassen', 'lux', 'una_strassen.png', 5),
('unt', 'Unia Tarnów', 'pol', NULL, 1),
('ura', 'Urartu', 'arm', NULL, 5),
('ura2', 'Urartu II', 'arm', NULL, 1),
('urk', 'SV Urk', 'nld', NULL, 1),
('urs', 'CDE Ursaria', 'spa', NULL, 1),
('usa', 'Unionistas de Salamanca CF', 'spa', NULL, 1),
('usf', 'UD San Fernando', 'spa', NULL, 1),
('usg', 'Union Saint-Gilloise', 'bel', NULL, 5),
('usg2', 'Union Saint-Gilloise U-23', 'bel', NULL, 1),
('usk', 'Uşakspor', 'tur', NULL, 1),
('usl', 'Unirea Slobozia', 'rom', NULL, 3),
('ust', 'União de Santarém', 'por', NULL, 1),
('uta', 'UTA Arad', 'rom', NULL, 4),
('ute', 'Utebo FC', 'spa', NULL, 1),
('uth', 'FC La Unión Atlético', 'spa', NULL, 1),
('utj', 'Jong FC Utrecht', 'nld', NULL, 2),
('utp', 'Union Titus Pétange', 'lux', 'union_titus_petange.png', 4),
('utr', 'FC Utrecht', 'nld', 'fc_utrecht.png', 5),
('uts', 'Utsiktens BK', 'swe', NULL, 4),
('uvi', 'URSL Visé', 'bel', NULL, 2),
('uzw', 'FC Uzwil', 'swi', NULL, 1),
('vaa', 'FC Vaajakoski', 'fin', NULL, 2),
('vab', 'Varbergs BoIS', 'swe', NULL, 2),
('vad', 'Vado FC', 'ita', NULL, 1),
('val', 'Valencia CF', 'spa', 'valencia_cf.png', 5),
('van', 'Vanspor FK', 'tur', NULL, 2),
('var', 'IFK Värnamo', 'swe', NULL, 4),
('vas', 'Västerås SK', 'swe', NULL, 4),
('vbe', 'Viktoria Berlin', 'ger', NULL, 1),
('vbo', 'US Vibonese', 'ita', NULL, 1),
('vbt', 'SSVg Velbert', 'ger', NULL, 1),
('vby', 'Viby IF', 'den', NULL, 1),
('vch', 'Voltigeurs de Châteaubriant', 'fra', NULL, 1),
('vcl', 'FC Pro Vercelli', 'ita', NULL, 1),
('vcn', 'Vicenza', 'ita', NULL, 1),
('vd2', 'Real Valladolid B', 'spa', NULL, 1),
('vda', 'Viitorul Dăești', 'rom', NULL, 1),
('vdp', 'GD Vilar de Perdizes', 'por', NULL, 1),
('vdr', 'Vardar Skopje', 'mkd', NULL, 5),
('ved', 'Vedița Colonești', 'rom', NULL, 1),
('vej', 'Vejle BK', 'den', NULL, 5),
('vel', 'Vélez CF', 'spa', NULL, 1),
('ven', 'Vendsyssel FF', 'den', NULL, 4),
('ver', 'Hellas Verona', 'ita', 'hellas_verona.png', 4),
('vev', 'Vevey-Sports', 'swi', NULL, 2),
('vfk', 'VIFK', 'fin', NULL, 2),
('vfr', 'FC Villefranche Beaujolais', 'fra', 'fc_villefranche_beaujolais.png', 2),
('vga', 'Valadares Gaia FC', 'por', NULL, 1),
('vgu', 'Vitória de Guimarães', 'por', NULL, 5),
('vgu2', 'Vitória de Guimarães B', 'por', NULL, 1),
('vha', 'Vard Haugesund', 'nor', NULL, 1),
('vhi', 'Ahron Velyki Haji', 'ukr', NULL, 1),
('via', 'SC Vianense', 'por', NULL, 1),
('vib', 'Viborg FF', 'den', NULL, 4),
('vid', 'Vasco da Gama Vidigueira', 'por', NULL, 1),
('vii', 'Viimsi JK', 'est', NULL, 4),
('vik', 'Viking FK', 'nor', NULL, 5),
('vik2', 'Viking FK 2', 'nor', NULL, 1),
('vil', 'Villarreal CF', 'spa', 'villarreal_cf.png', 5),
('vil2', 'Villarreal CF B', 'spa', NULL, 2),
('vir', 'AC Virtus', 'smr', 'ac_virtus.png', 5),
('vis', 'AF Virois', 'fra', NULL, 1),
('vit', 'Vitesse', 'nld', 'vitesse.png', 5),
('viv', 'Vivad Romaniv', 'ukr', NULL, 1),
('viz', 'FC Vizela', 'por', NULL, 4),
('vjg', 'Vejgaard BK', 'den', NULL, 2),
('vjo', 'KF Vjosa', 'kos', NULL, 4),
('vkg', 'Víkingur Gøta', 'fro', 'vikingur_gota.png', 5),
('vko', 'FC Viktoria Köln', 'ger', 'sc_viktoria_koeln.png', 2),
('vkr', 'Víkingur Reykjavík', 'ice', NULL, 5),
('vks', 'Viktorija Sumy', 'ukr', NULL, 3),
('vla', 'SC Vila Real', 'por', NULL, 1),
('vlb', 'Racing Villalbés', 'spa', NULL, 1),
('vlc', 'Valenciennes FC', 'fra', 'valenciennes_fc.png', 2),
('vld', 'Real Valladolid', 'spa', 'real_valladolid.png', 3),
('vle', 'Vålerenga Fotball', 'nor', NULL, 5),
('vle2', 'Vålerenga Fotball 2', 'nor', NULL, 1),
('vli', 'RCS Verlaine', 'bel', NULL, 1),
('vll', 'KF Vëllaznimi', 'kos', NULL, 4),
('vlm', 'Valmiera FC', 'lva', NULL, 5),
('vlm2', 'Valmiera FC-2', 'lva', NULL, 3),
('vln', 'FC Volendam', 'nld', 'fc_voledam.png', 4),
('vlr', 'Valur Reykjavík', 'ice', NULL, 5),
('vls', 'KF Vllaznia', 'alb', NULL, 5),
('vlt', 'Valletta FC', 'mlt', 'valletta_fc.png', 5),
('vlu', 'FC Voluntari', 'rom', NULL, 5),
('vlv', 'Länk FC Vilaverdense', 'por', NULL, 2),
('vlz', 'DJK Vilzing', 'ger', NULL, 1),
('vma', 'AC Vila Meã', 'por', NULL, 1),
('vme', 'Valencia Mestalla', 'spa', NULL, 1),
('vmo', 'Velež Mostar', 'bih', NULL, 5),
('vnd', 'FK Varnsdorf', 'cze', NULL, 3),
('vne', 'Vardar Negotino', 'mkd', NULL, 4),
('vnl', 'Vanløse IF', 'den', NULL, 2),
('vno', 'CF Villanovense', 'spa', NULL, 1),
('vnt', 'MFK Vranov nad Topľou', 'svk', NULL, 2),
('vnz', 'Venezia FC', 'ita', 'venezia_fc.png', 4),
('voc', 'Union Vöcklamarkt', 'aut', NULL, 1),
('voj', 'FK Vojvodina', 'srb', NULL, 5),
('vol', 'Volos NPS', 'gre', NULL, 5),
('vop', 'Vorskla Poltava', 'ukr', NULL, 5),
('vor', 'KF Vora', 'alb', NULL, 4),
('vos', 'Voska Sport', 'mkd', NULL, 4),
('voz', 'FK Voždovac', 'srb', NULL, 5),
('vpe', 'Vis Pesaro', 'ita', NULL, 1),
('vpl', 'Viktoria Plzeň', 'cze', NULL, 5),
('vpl2', 'Viktoria Plzeň B', 'cze', NULL, 2),
('vpr', 'Pärnu JK Vaprus', 'est', NULL, 5),
('vps', 'JFK Ventspils', 'lva', NULL, 4),
('vre', 'Veres Rivne', 'ukr', NULL, 4),
('vrl', 'SC Verl', 'ger', 'sc_verl.png', 2),
('vrn', 'Varesina', 'ita', NULL, 1),
('vrs', 'FC Versailles', 'fra', 'fc_versailles.png', 2),
('vrt', 'RE Virton', 'bel', NULL, 2),
('vru', 'Vorup FB', 'den', NULL, 1),
('vrv', 'Stade Verviétois', 'bel', NULL, 1),
('vrz', 'Varzim SC', 'por', NULL, 2),
('vsa', 'OFK Vršac', 'srb', NULL, 3),
('vsb', 'Vitória de Setúbal', 'por', NULL, 1),
('vsc', 'Vasas SC', 'hun', NULL, 4),
('vse', 'Vitória de Sernache', 'por', NULL, 1),
('vsg', 'Vigor Senigallia', 'ita', NULL, 1),
('vsk', 'VSK Aarhus', 'den', NULL, 2),
('vsl', 'Vasalunds IF', 'swe', NULL, 2),
('vsm', 'Victor San Marino', 'ita', NULL, 1),
('vst', 'Vestri', 'ice', NULL, 4),
('vsu', 'Académico de Viseu', 'por', NULL, 3),
('vsz', 'Veszprém FC', 'hun', NULL, 2),
('vtb', 'FK Viciebsk', 'blr', NULL, 4),
('vtj', 'Viitorul Târgu Jiu', 'rom', NULL, 3),
('vts', 'ASK Voitsberg', 'aut', NULL, 2),
('vtx', 'Varteks Varaždin', 'cro', NULL, 2),
('vuk', 'Vukovar 1991', 'cro', NULL, 4),
('vvb', 'VVSB', 'nld', NULL, 1),
('vve', 'Virtus Verona', 'ita', NULL, 1),
('vvk', 'VV Katwijk', 'nld', 'vv_katwijk.png', 2),
('vvn', 'VVV-Venlo', 'nld', 'vvv_venlo.png', 2),
('vys', 'MFK Vyškov', 'cze', NULL, 4),
('vzd', 'NK Varaždin', 'cro', NULL, 5),
('wac', 'Wolfsberger AC', 'aut', NULL, 5),
('wac2', 'Wolfsberger AC II', 'aut', NULL, 1),
('waf', 'FC Résidence Walferdange', 'lux', NULL, 3),
('wak', 'Wacker Innsbruck', 'aut', NULL, 1),
('wal', 'SV Wallern', 'aut', NULL, 2),
('wan', 'Van Charentsavan', 'arm', NULL, 5),
('war', 'Warta Poznań', 'pol', 'warta_poznan.png', 4),
('was', 'Wasquehal Football', 'fra', NULL, 1),
('wat', 'Watford FC', 'eng', 'watford_fc.png', 3),
('wba', 'West Bromwich Albion', 'eng', 'west_bromwich_albion.png', 3),
('wck', 'Wacker Burghausen', 'ger', NULL, 1),
('wdb', 'SC Wiedenbrück', 'ger', NULL, 1),
('wdf', 'FC Astoria Walldorf', 'ger', NULL, 1),
('wea', 'Wealdstone FC', 'eng', NULL, 1),
('weg', 'FC Wegberg-Beeck', 'ger', NULL, 1),
('wei', 'SC Weiz', 'aut', NULL, 1),
('wer', 'Werder Bremen', 'ger', 'werder_bremen.png', 4),
('wes', 'KVC Westerlo', 'bel', NULL, 4),
('wex', 'Wexford FC', 'irl', NULL, 4),
('wey', 'Weymouth FC', 'eng', NULL, 1),
('wez', 'FC Wezel Sport', 'bel', NULL, 1),
('wfl', 'SC Weiche Flensburg', 'ger', NULL, 1),
('wgr', 'SV Wals-Grünau', 'aut', NULL, 1),
('wgs', 'Wigry Suwałki', 'pol', 'wigry_suwalki.png', 2),
('wgw', 'Warta Gorzów Wielkopolski', 'pol', NULL, 1),
('whu', 'West Ham United', 'eng', 'west_ham_united.png', 5),
('wia', 'KS Wiązownica', 'pol', NULL, 1),
('wid', 'Widzew Łódź', 'pol', 'widzew_lodz.png', 4),
('wie', 'Wieczysta Kraków', 'pol', NULL, 1),
('wig', 'Wigan Athletic', 'eng', NULL, 1),
('wil', 'FC Wil', 'swi', NULL, 4),
('wim', 'AFC Wimbledon', 'eng', NULL, 1),
('win', 'FC Winterthur', 'swi', NULL, 5),
('win2', 'FC Winterthur II', 'swi', NULL, 1),
('wit', 'WIT Georgia', 'geo', NULL, 4),
('wja', 'Wiślanie Jaśkowice', 'pol', NULL, 1),
('wkl', 'GKS Wikielec', 'pol', NULL, 1),
('wkr', 'Wisła Kraków', 'pol', 'wisla_krakow.png', 5),
('wlb', 'Górnik Wałbrzych', 'pol', 'gornik_walbrzych.png', 1),
('wll', 'Willem II', 'nld', 'willem_ii.png', 3),
('wln', 'Vineta Wolin', 'pol', NULL, 1),
('wls', 'Walsall FC', 'eng', NULL, 1),
('wlu', 'Welling United', 'eng', NULL, 1),
('wlv', 'Wolverhampton Wanderers', 'eng', 'wolverhampton_wanderers.png', 3),
('wlz', 'FC Wiltz 71', 'lux', 'fc_wiltz_71.png', 5),
('wof', 'FC Wolfurt', 'aut', NULL, 1),
('woh', 'FC Wohlen', 'swi', NULL, 2),
('wok', 'Woking FC', 'eng', NULL, 1),
('wol', 'VfL Wolfsburg', 'ger', 'vfl_wolfsburg.png', 4),
('wpl', 'Wisła Płock', 'pol', 'wisla_plock.png', 3),
('wpp', 'Wuppertaler SV', 'ger', NULL, 1),
('wpu', 'Wisła Puławy', 'pol', 'wisla_pulawy.png', 2),
('wrn', 'RFC Warnant', 'bel', NULL, 1),
('wrr', 'Warrington Town', 'eng', NULL, 1),
('wrx', 'Wrexham AFC', 'eng', NULL, 1),
('wsa', 'West Armenia', 'arm', NULL, 5),
('wsb', 'Wehen Wiesbaden', 'ger', 'wehen_wiesbaden.png', 3),
('wsc', 'Wiener Sport-Club', 'aut', NULL, 2),
('wsg', 'WSG Tirol', 'aut', NULL, 5),
('wsh', 'WSC Hertha Wels', 'aut', NULL, 2),
('wsm', 'Weston-super-Mare AFC', 'eng', NULL, 1),
('wtb', 'FC Wettswil-Bonstetten', 'swi', NULL, 2),
('wtf', 'Waterford FC', 'irl', NULL, 4),
('wth', 'Worthing FC', 'eng', NULL, 1),
('wtt', 'RFC Wetteren', 'bel', NULL, 1),
('wur', 'Würzburger Kickers', 'ger', NULL, 1),
('wvi', 'SC Wiener Viktoria', 'aut', NULL, 2),
('wyc', 'Wycombe Wanderers', 'eng', NULL, 1),
('yak', '68 Yeni Aksarayspor', 'tur', NULL, 1),
('ybo', 'BSC Young Boys', 'swi', NULL, 5),
('ybo2', 'BSC Young Boys II', 'swi', NULL, 2),
('ybs', 'Young Boys FD', 'den', NULL, 2),
('ybw', 'Yellow Boys Weiler-la-Tour', 'lux', NULL, 3),
('yec', 'Yeclano Deportivo', 'spa', NULL, 1),
('yel', 'Yelimay Semey', 'kaz', NULL, 4),
('yeo', 'Yeovil Town', 'eng', NULL, 1),
('yev', 'Karvan Yevlax', 'aze', NULL, 4),
('yfj', 'SC Young Fellows Juventus', 'swi', NULL, 2),
('yma', 'Yeni Malatyaspor', 'tur', NULL, 2),
('ymi', 'Yeni Mersin İdmanyurdu', 'tur', NULL, 2),
('yor', 'York City', 'eng', NULL, 1),
('ypa', 'AO Ypato', 'gre', NULL, 1),
('yps', 'Krasava ENY Ypsonas FC', 'cyp', NULL, 4),
('yve', 'Yverdon-Sport FC', 'swi', NULL, 4),
('yve2', 'Yverdon-Sport FC II', 'swi', NULL, 1),
('z09', 'Zvijezda 09', 'bih', NULL, 4),
('zab', 'Żabbar St. Patrick FC', 'mlt', 'zabbar_st_patrick_fc.png', 4),
('zad', 'HNK Zadar', 'cro', NULL, 2),
('zak', 'APS Zakynthos', 'gre', NULL, 1),
('zal', 'Žalgiris Vilnius', 'ltu', NULL, 5),
('zal2', 'Žalgiris Vilnius B', 'ltu', NULL, 3),
('zam', 'Zamora CF', 'spa', NULL, 1),
('zap', 'SK Zápy', 'cze', NULL, 2),
('zaq', 'Zaqatala PFK', 'aze', NULL, 4),
('zar', 'Real Zaragoza', 'spa', 'real_zaragoza.png', 3),
('zau', 'SCM Zalău', 'rom', NULL, 2),
('zaw', 'Zawisza Bydgoszcz', 'pol', 'zawisza_bydgoszcz.png', 2),
('zbr', 'FC Zbrojovka Brno', 'cze', NULL, 4),
('zca', 'Zlatibor Čajetina', 'srb', NULL, 2),
('zdr', 'Mladost Ždralovi', 'cro', NULL, 3),
('zeb', 'Żebbuġ Rangers FC', 'mlt', NULL, 3),
('zej', 'Żejtun Corinthians FC', 'mlt', NULL, 3),
('zel', 'FK Željezničar', 'bih', NULL, 5),
('zem', 'FK Zemun', 'srb', NULL, 2),
('zet', 'Zhetysu Taldyqorgan', 'kaz', NULL, 4),
('zhn', 'Zhenis FK', 'kaz', NULL, 4),
('zho', 'Zhodino-Juzhnoje', 'blr', NULL, 3),
('zil', 'MŠK Žilina', 'svk', NULL, 5),
('zil2', 'MŠK Žilina B', 'svk', NULL, 3),
('zir', 'Zirə Baku', 'aze', NULL, 5),
('ziv', 'Sokol Živanice', 'cze', NULL, 1),
('ziz', 'Viktoria Žižkov', 'cze', NULL, 4),
('zju', 'Zrinski Jurjevac', 'cro', NULL, 3),
('zki', 'Zimbru Chișinău', 'mda', NULL, 5),
('zla', 'Zalaegerszegi TE', 'hun', NULL, 5),
('zlj', 'Zeljeznicar Banja Luka', 'bih', NULL, 4),
('zlm', 'FC Zlaté Moravce', 'svk', NULL, 4),
('zln', 'FC Zlín', 'cze', NULL, 4),
('zln2', 'FC Zlín B', 'cze', NULL, 1),
('zls', 'FC Zlínsko', 'cze', NULL, 2),
('zlu', 'Zagłębie Lubin', 'pol', 'zaglebie_lubin.png', 4),
('zlu2', 'Zagłębie II Lubin', 'pol', NULL, 1),
('zlz', 'KVV Zelzate', 'bel', NULL, 1),
('zma', 'Žolík Malacky', 'svk', NULL, 1),
('zmb', 'Olimpia Zambrów', 'pol', NULL, 1),
('zmi', 'Zemplín Michalovce', 'svk', NULL, 4),
('zmv', 'Croatia Zmijavci', 'cro', NULL, 4),
('zni', 'Znicz Pruszków', 'pol', 'znicz_pruszkow.png', 3),
('zno', '1. SC Znojmo FK', 'cze', NULL, 2),
('zon', 'Zonguldak Kömürspor', 'tur', NULL, 1),
('zor', 'Zoria Lugansk', 'ukr', NULL, 5),
('zpa', 'Železničar Pančevo', 'srb', NULL, 4),
('zpo', 'Železiarne Podbrezová', 'svk', NULL, 5),
('zri', 'Zrinjski Mostar', 'bih', NULL, 5),
('zrk', 'Zirka Kropyvnyckij', 'ukr', NULL, 1),
('zrq', 'Żurrieq FC', 'mlt', 'zurrieq_fc.png', 4),
('zso', 'Zagłębie Sosnowiec', 'pol', 'zaglebie_sosnowiec.png', 3),
('zst', 'Araz Saatlı FK', 'aze', NULL, 4),
('zun', 'Zagora Unešić', 'cro', NULL, 2),
('zur', 'FC Zürich', 'swi', NULL, 5),
('zur2', 'FC Zürich II', 'swi', NULL, 2),
('zvi', 'FK Zviahel', 'ukr', NULL, 2),
('zvo', 'MFK Zvolen', 'svk', NULL, 2),
('zwa', 'Zulte Waregem', 'bel', NULL, 3),
('zwa2', 'Jong Essevee', 'bel', NULL, 1),
('zwi', 'FSV Zwickau', 'ger', 'fsv_zwickau.png', 1),
('zwo', 'PEC Zwolle', 'nld', 'pec_zwolle.png', 4);

-- --------------------------------------------------------

--
-- Struktura tabeli dla tabeli `confederations`
--

CREATE TABLE `confederations` (
  `id` int(10) UNSIGNED NOT NULL,
  `name` varchar(10) NOT NULL
) ENGINE=InnoDB DEFAULT CHARSET=utf8mb4 COLLATE=utf8mb4_general_ci;

--
-- Zrzut danych tabeli `confederations`
--

INSERT INTO `confederations` (`id`, `name`) VALUES
(1, 'UEFA'),
(2, 'CONMEBOL'),
(3, 'AFC'),
(4, 'CAF'),
(5, 'CONCACAF'),
(6, 'OFC');

-- --------------------------------------------------------

--
-- Struktura tabeli dla tabeli `groups_teams`
--

CREATE TABLE `groups_teams` (
  `id` int(10) UNSIGNED NOT NULL,
  `group_ch` varchar(1) DEFAULT NULL,
  `group_pos` int(10) UNSIGNED DEFAULT NULL,
  `league_id` varchar(4) NOT NULL,
  `team_name` varchar(3) NOT NULL
) ENGINE=MyISAM DEFAULT CHARSET=latin1 COLLATE=latin1_swedish_ci;

--
-- Zrzut danych tabeli `groups_teams`
--

INSERT INTO `groups_teams` (`id`, `group_ch`, `group_pos`, `league_id`, `team_name`) VALUES
(1, 'C', 1, '3', 'arg'),
(2, 'D', 2, '3', 'aus'),
(3, 'F', 1, '3', 'bel'),
(4, 'G', 1, '3', 'bra'),
(5, 'G', 4, '3', 'cmr'),
(6, 'F', 2, '3', 'can'),
(7, 'E', 2, '3', 'cri'),
(8, 'F', 4, '3', 'cro'),
(9, 'D', 3, '3', 'den'),
(10, 'A', 2, '3', 'ecu'),
(11, 'B', 1, '3', 'eng'),
(12, 'D', 1, '3', 'fra'),
(13, 'B', 3, '3', 'usa'),
(14, 'E', 3, '3', 'ger'),
(15, 'H', 2, '3', 'gha'),
(16, 'B', 2, '3', 'irn'),
(17, 'E', 4, '3', 'jap'),
(18, 'H', 4, '3', 'kor'),
(19, 'C', 3, '3', 'mex'),
(20, 'F', 3, '3', 'mor'),
(21, 'A', 4, '3', 'nld'),
(22, 'C', 4, '3', 'pol'),
(23, 'H', 1, '3', 'por'),
(24, 'A', 1, '3', 'qat'),
(25, 'C', 2, '3', 'sau'),
(26, 'A', 3, '3', 'sen'),
(27, 'E', 1, '3', 'spa'),
(28, 'G', 2, '3', 'srb'),
(29, 'G', 3, '3', 'swi'),
(30, 'D', 4, '3', 'tun'),
(31, 'H', 3, '3', 'uru'),
(32, 'B', 4, '3', 'wal'),
(33, 'A', 1, '2', 'rus'),
(34, 'A', 2, '2', 'sau'),
(35, 'A', 3, '2', 'egy'),
(36, 'A', 4, '2', 'uru'),
(37, 'B', 1, '2', 'por'),
(38, 'B', 2, '2', 'spa'),
(39, 'B', 3, '2', 'mor'),
(40, 'B', 4, '2', 'irn'),
(41, 'C', 1, '2', 'fra'),
(42, 'C', 2, '2', 'aus'),
(43, 'C', 3, '2', 'per'),
(44, 'C', 4, '2', 'den'),
(45, 'D', 1, '2', 'arg'),
(46, 'D', 2, '2', 'ice'),
(47, 'D', 3, '2', 'cro'),
(48, 'D', 4, '2', 'nga'),
(49, 'E', 1, '2', 'bra'),
(50, 'E', 2, '2', 'swi'),
(51, 'E', 3, '2', 'cri'),
(52, 'E', 4, '2', 'srb'),
(53, 'F', 1, '2', 'ger'),
(54, 'F', 2, '2', 'mex'),
(55, 'F', 3, '2', 'swe'),
(56, 'F', 4, '2', 'kor'),
(57, 'G', 1, '2', 'bel'),
(58, 'G', 2, '2', 'pan'),
(59, 'G', 3, '2', 'tun'),
(60, 'G', 4, '2', 'eng'),
(61, 'H', 1, '2', 'pol'),
(62, 'H', 2, '2', 'sen'),
(63, 'H', 3, '2', 'col'),
(64, 'H', 4, '2', 'jap'),
(65, 'A', 1, '1', 'bra'),
(66, 'A', 2, '1', 'cro'),
(67, 'A', 3, '1', 'mex'),
(68, 'A', 4, '1', 'cmr'),
(69, 'B', 1, '1', 'spa'),
(70, 'B', 2, '1', 'nld'),
(71, 'B', 3, '1', 'chi'),
(72, 'B', 4, '1', 'aus'),
(73, 'C', 1, '1', 'col'),
(74, 'C', 2, '1', 'gre'),
(75, 'C', 3, '1', 'ivc'),
(76, 'C', 4, '1', 'jap'),
(77, 'D', 1, '1', 'uru'),
(78, 'D', 2, '1', 'cri'),
(79, 'D', 3, '1', 'eng'),
(80, 'D', 4, '1', 'ita'),
(81, 'E', 1, '1', 'swi'),
(82, 'E', 2, '1', 'ecu'),
(83, 'E', 3, '1', 'fra'),
(84, 'E', 4, '1', 'hon'),
(85, 'F', 1, '1', 'arg'),
(86, 'F', 2, '1', 'bih'),
(87, 'F', 3, '1', 'irn'),
(88, 'F', 4, '1', 'nga'),
(89, 'G', 1, '1', 'ger'),
(90, 'G', 2, '1', 'por'),
(91, 'G', 3, '1', 'gha'),
(92, 'G', 4, '1', 'usa'),
(93, 'H', 1, '1', 'bel'),
(94, 'H', 2, '1', 'alg'),
(95, 'H', 3, '1', 'rus'),
(96, 'H', 4, '1', 'kor'),
(97, 'A', 1, '6', 'fra'),
(98, 'A', 2, '6', 'rom'),
(99, 'A', 3, '6', 'alb'),
(100, 'A', 4, '6', 'swi'),
(101, 'B', 1, '6', 'eng'),
(102, 'B', 2, '6', 'rus'),
(103, 'B', 3, '6', 'wal'),
(104, 'B', 4, '6', 'svk'),
(105, 'C', 1, '6', 'ger'),
(106, 'C', 2, '6', 'ukr'),
(107, 'C', 3, '6', 'pol'),
(108, 'C', 4, '6', 'nir'),
(109, 'D', 1, '6', 'spa'),
(110, 'D', 2, '6', 'cze'),
(111, 'D', 3, '6', 'tur'),
(112, 'D', 4, '6', 'cro'),
(113, 'E', 1, '6', 'bel'),
(114, 'E', 2, '6', 'ita'),
(115, 'E', 3, '6', 'irl'),
(116, 'E', 4, '6', 'swe'),
(117, 'F', 1, '6', 'por'),
(118, 'F', 2, '6', 'ice'),
(119, 'F', 3, '6', 'aut'),
(120, 'F', 4, '6', 'hun'),
(121, 'A', 1, '5', 'tur'),
(122, 'A', 2, '5', 'ita'),
(123, 'A', 3, '5', 'wal'),
(124, 'A', 4, '5', 'swi'),
(125, 'B', 1, '5', 'den'),
(126, 'B', 2, '5', 'fin'),
(127, 'B', 3, '5', 'bel'),
(128, 'B', 4, '5', 'rus'),
(129, 'C', 1, '5', 'nld'),
(130, 'C', 2, '5', 'ukr'),
(131, 'C', 3, '5', 'aut'),
(132, 'C', 4, '5', 'mkd'),
(133, 'D', 1, '5', 'eng'),
(134, 'D', 2, '5', 'cro'),
(135, 'D', 3, '5', 'sco'),
(136, 'D', 4, '5', 'cze'),
(137, 'E', 1, '5', 'spa'),
(138, 'E', 2, '5', 'swe'),
(139, 'E', 3, '5', 'pol'),
(140, 'E', 4, '5', 'svk'),
(141, 'F', 1, '5', 'hun'),
(142, 'F', 2, '5', 'por'),
(143, 'F', 3, '5', 'fra'),
(144, 'F', 4, '5', 'ger'),
(145, 'A', 1, '4', 'ger'),
(146, 'A', 2, '4', 'sco'),
(147, 'A', 3, '4', 'hun'),
(148, 'A', 4, '4', 'swi'),
(149, 'B', 1, '4', 'spa'),
(150, 'B', 2, '4', 'cro'),
(151, 'B', 3, '4', 'ita'),
(152, 'B', 4, '4', 'alb'),
(153, 'C', 1, '4', 'svn'),
(154, 'C', 2, '4', 'den'),
(155, 'C', 3, '4', 'srb'),
(156, 'C', 4, '4', 'eng'),
(157, 'D', 2, '4', 'nld'),
(158, 'D', 3, '4', 'aut'),
(159, 'D', 4, '4', 'fra'),
(160, 'E', 1, '4', 'bel'),
(161, 'E', 2, '4', 'svk'),
(162, 'E', 3, '4', 'rom'),
(163, 'F', 1, '4', 'tur'),
(164, 'F', 3, '4', 'por'),
(165, 'F', 4, '4', 'cze'),
(166, 'D', 1, '4', 'pol'),
(167, 'E', 4, '4', 'ukr'),
(168, 'F', 2, '4', 'geo');

-- --------------------------------------------------------

--
-- Struktura tabeli dla tabeli `lang`
--

CREATE TABLE `lang` (
  `id` int(10) UNSIGNED NOT NULL,
  `name` varchar(36) NOT NULL
) ENGINE=InnoDB DEFAULT CHARSET=utf8mb4 COLLATE=utf8mb4_general_ci;

--
-- Zrzut danych tabeli `lang`
--

INSERT INTO `lang` (`id`, `name`) VALUES
(1, 'polish');

-- --------------------------------------------------------

--
-- Struktura tabeli dla tabeli `lang_contents`
--

CREATE TABLE `lang_contents` (
  `id` int(10) UNSIGNED NOT NULL,
  `content` varchar(256) NOT NULL,
  `lang_id` int(10) UNSIGNED NOT NULL,
  `content_id` int(10) UNSIGNED NOT NULL
) ENGINE=InnoDB DEFAULT CHARSET=utf8mb4 COLLATE=utf8mb4_general_ci;

-- --------------------------------------------------------

--
-- Struktura tabeli dla tabeli `leagues`
--

CREATE TABLE `leagues` (
  `id` int(10) UNSIGNED NOT NULL,
  `year` int(11) NOT NULL,
  `type_id` int(10) UNSIGNED NOT NULL
) ENGINE=InnoDB DEFAULT CHARSET=utf8mb4 COLLATE=utf8mb4_general_ci;

--
-- Zrzut danych tabeli `leagues`
--

INSERT INTO `leagues` (`id`, `year`, `type_id`) VALUES
(1, 2014, 1),
(2, 2018, 1),
(3, 2022, 1),
(4, 2024, 2),
(5, 2020, 2),
(6, 2016, 2);

-- --------------------------------------------------------

--
-- Struktura tabeli dla tabeli `likes`
--

CREATE TABLE `likes` (
  `id` int(10) UNSIGNED NOT NULL,
  `user_id` int(10) UNSIGNED NOT NULL,
  `game_id` int(10) UNSIGNED NOT NULL,
  `creation_date` datetime NOT NULL
) ENGINE=InnoDB DEFAULT CHARSET=utf8mb4 COLLATE=utf8mb4_general_ci;

-- --------------------------------------------------------

--
-- Struktura tabeli dla tabeli `names_clubs`
--

CREATE TABLE `names_clubs` (
  `id` int(10) UNSIGNED NOT NULL,
  `content` varchar(50) CHARACTER SET utf8mb4 COLLATE utf8mb4_unicode_ci NOT NULL,
  `club_id` varchar(4) NOT NULL,
  `lang_id` int(10) UNSIGNED NOT NULL
) ENGINE=InnoDB DEFAULT CHARSET=utf8mb4 COLLATE=utf8mb4_general_ci;

--
-- Zrzut danych tabeli `names_clubs`
--

INSERT INTO `names_clubs` (`id`, `content`, `club_id`, `lang_id`) VALUES
(1, 'Bayern Monachium', 'bmu', 1),
(2, 'Slavia Praga', 'slv', 1),
(3, 'Sparta Praga', 'spa', 1),
(4, 'RB Lipsk', 'rbl', 1),
(5, 'Viktoria Pilzno', 'vpl', 1),
(6, 'Rapid Wiedeń', 'rpd', 1),
(8, 'Olympique Marsylia', 'oma', 1),
(15, 'Dynamo Kijów', 'dkv', 1),
(16, 'Zoria Ługańsk', 'zor', 1),
(17, 'Ruch Lwów', 'rux', 1),
(19, 'Real Madryt', 'rma', 1),
(20, 'Atlético Madryt', 'atm', 1),
(21, 'Inter Mediolan', 'int', 1),
(22, 'APOEL Nikozja', 'apn', 1),
(23, 'AEK Ateny', 'aek', 1),
(24, 'Beitar Jerozolima', 'bei', 1),
(26, 'Lokomotiva Zagrzeb', 'loz', 1),
(27, 'Slovan Bratysława', 'slb', 1),
(28, 'Spartak Trnawa', 'stn', 1),
(29, 'AS Trenczyn', 'tre', 1),
(42, 'Austria Wiedeń', 'awi', 1),
(46, 'Sigma Ołomuniec', 'sig', 1),
(47, 'Dynamo Czeskie Budziejowice', 'cbu', 1),
(48, 'Baník Ostrawa', 'ban', 1),
(49, 'FC Zlin', 'zln', 1),
(50, 'Universitatea Krajowa', 'ucv', 1),
(52, 'Universitatea Kluż', 'ucl', 1),
(53, 'Tatran Liptowski Mikułasz', 'tlm', 1),
(55, 'FC Vysočina Igława', 'jih', 1),
(56, 'Dukla Praga', 'duk', 1),
(58, 'Werder Brema', 'wer', 1),
(59, 'Dynamo Drezno', 'dre', 1),
(60, 'TSV 1860 Monachium', 'tmu', 1),
(61, 'Türkgücü Monachium', 'trk', 1),
(63, 'Eintracht Brunszwik', 'brg', 1),
(64, 'Grasshopper Club Zurych', 'grh', 1),
(65, 'Real Saragossa', 'zar', 1),
(68, 'Olympique Lyon', 'lyo', 1),
(69, 'Stade Rennes', 'ren', 1),
(70, 'Stade Brest', 'brs', 1),
(71, 'Stade Lavallois', 'lav', 1),
(74, 'Racing Santander', 'rac', 1),
(77, 'Sporting Gijón', 'gij', 1),
(78, 'Recreativo Huelva', 'huv', 1),
(79, 'Gimnástic Tarragona', 'gtr', 1),
(80, 'Deportivo La Coruña', 'dco', 1),
(81, 'Chamois Niortais FC', 'nio', 1),
(82, 'Olympique Saumur', 'sau', 1),
(83, 'Stade Briochin', 'bio', 1),
(85, 'Siłeks Kratowo', 'sil', 1),
(86, 'Szkendija Tetowo', 'ske', 1),
(87, 'Bregałnica Sztip', 'bga', 1),
(88, 'GFK Tikwesz', 'tik', 1),
(89, 'Rabotniczki Skopje', 'rab', 1),
(90, 'Akademija Pandew', 'akp', 1),
(91, 'Woska Sport', 'vos', 1),
(92, 'KF Gostiwar', 'gos', 1),
(95, 'Wardar Negotino', 'vne', 1),
(96, 'FK Kożuf', 'kzh', 1),
(98, 'Skënderbeu Korcza', 'sky', 1),
(99, 'Vitória Guimarães', 'vgu', 1),
(101, 'Farul Konstanca', 'far', 1),
(103, 'Estrela Amadora', 'etr', 1),
(104, 'União Leiria', 'udl', 1),
(105, 'Académica Coimbra', 'coi', 1),
(108, 'Benfica Castelo Branco', 'beb', 1),
(109, 'União Coimbra', 'uco', 1),
(110, 'União Tomar', 'tmr', 1),
(111, 'Žalgiris Wilno', 'zal', 1),
(113, 'Sūduva Mariampol', 'sdu', 1),
(114, 'Žalgiris Kowno', 'kau', 1),
(115, 'Banga Gorżdy', 'bng', 1),
(116, 'Džiugas Telsze', 'dzi', 1),
(121, 'Drita Gnjilane', 'dri', 1),
(123, 'Wardar Skopje', 'vdr', 1),
(128, 'Sheriff Tyraspol', 'she', 1),
(129, 'Zimbru Kiszyniów', 'zki', 1),
(130, 'Milsami Orgiejów', 'mls', 1),
(132, 'Dinamo-Auto Tyraspol', 'aut', 1),
(134, 'Piunik Erywań', 'piu', 1),
(135, 'Wan Czarencawan', 'wan', 1),
(136, 'Ararat Erywań', 'ara', 1),
(137, 'Szirak Giumri', 'shg', 1),
(138, 'BKMA Erywań', 'bkm', 1),
(139, 'Sjunik', 'syu', 1),
(141, 'Lernajin Arzach', 'lny', 1),
(146, 'Alaszkert', 'alk', 1),
(151, 'Mika Erywań', 'mik', 1),
(152, 'Araz Nachiczewan', 'azn', 1),
(153, 'Llapi Podujevo', 'llp', 1),
(154, 'Dynama Mińsk', 'dmi', 1),
(155, 'BATE Borysów', 'bat', 1),
(156, 'Tarpieda-BiełAZ', 'trp', 1),
(157, 'FK Isłacz', 'isl', 1),
(158, 'Sławija Mozyrz', 'moz', 1),
(159, 'FK Słuck', 'slh', 1),
(160, 'FK Mińsk', 'fkm', 1),
(161, 'Dynama Brześć', 'dbr', 1),
(163, 'Naftan Nowopołock', 'nfn', 1),
(164, 'Szachcior Soligorsk', 'shs', 1),
(165, 'Arsienał Dzierżynsk', 'dhi', 1),
(166, 'FK Witebsk', 'vtb', 1),
(167, 'Eniergietyk-BDU Mińsk', 'ene', 1),
(168, 'Biełszyna Bobrujsk', 'buj', 1),
(169, 'Maxline Witebsk', 'mvt', 1),
(170, 'FK Baranoviczi', 'bci', 1),
(171, 'Żodino-Jużnoje', 'zho', 1),
(173, 'Chwala Pińsk', 'hva', 1),
(174, 'Niva Dołbizna', 'dlb', 1),
(175, 'FK Mołodeczno', 'moo', 1),
(176, 'FK Ostrowiec', 'otv', 1),
(177, 'FK Orsza', 'ors', 1),
(178, 'FK Słonim-2017', 'sln', 1),
(179, 'Szachcior Petryków', 'ptk', 1),
(180, 'FK Osipowicze', 'osp', 1),
(181, 'Łudogorec Razgrad', 'raz', 1),
(182, 'Lewski Sofia', 'lvs', 1),
(183, 'Łokomotiw Płowdiw', 'lpl', 1),
(184, 'Czerno More Warna', 'hmw', 1),
(186, 'Sławia Sofia', 'sls', 1),
(187, 'Łokomotiw Sofia', 'lso', 1),
(188, 'Botew Płowdiw', 'btv', 1),
(190, 'Hebyr Pazardżik', 'heb', 1),
(191, 'Botew Wraca', 'bvr', 1),
(192, 'Etyr Wielkie Tyrnowo', 'eta', 1),
(193, 'FK Krumowgrad', 'kru', 1),
(194, 'Spartak Warna', 'spv', 1),
(195, 'Septemwri Sofia', 'sso', 1),
(196, 'Dobrudża Dobricz', 'dob', 1),
(198, 'Jantra Gabrowo', 'jan', 1),
(199, 'Spartak Plewen', 'ple', 1),
(200, 'Strumska Slawa', 'ssl', 1),
(202, 'Dunaw Ruse', 'dnv', 1),
(203, 'Liteks Łowecz', 'ltx', 1),
(204, 'Bełasica Petricz', 'bpt', 1),
(205, 'Czernomorec Burgas', 'cbg', 1),
(206, 'Sportist Swoge', 'svo', 1),
(207, 'Marica Płowdiw', 'plo', 1),
(208, 'Bdin Widyń', 'bdi', 1),
(209, 'Czernomorec Bałczik', 'blc', 1),
(210, 'MFK Karwina', 'kar', 1),
(212, 'Sparta Praga B', 'spa2', 1),
(213, 'BKMA Erywań II', 'bkm', 1),
(214, 'Alaszkert II', 'alk', 1),
(215, 'Ararat Erywań II', 'ara', 1),
(216, 'Piunik Erywań II', 'piu', 1),
(217, 'Rapid Wiedeń II', 'rpd', 1),
(218, 'Łudogorec Razgrad II', 'raz', 1),
(219, 'Toboł FK', 'tob', 1),
(220, 'Kajrat Ałmaty', 'qrt', 1),
(221, 'Kyzyłżar SK', 'kyz', 1),
(222, 'Szachtior Karaganda', 'shk', 1),
(223, 'Akżajyk Orał', 'akz', 1),
(225, 'Aktöbe FK', 'akt', 1),
(226, 'Kajsar Kyzyłorda', 'ksr', 1),
(227, 'Żetysu Tałdykorgan', 'zet', 1),
(228, 'Żengys FK', 'zhn', 1),
(229, 'Jelimaj Semej', 'yel', 1),
(230, 'Arda Kyrdżali', 'kyd', 1),
(231, 'Kajrat-Żastar FK', 'kah', 1),
(232, 'Aktöbe FK II', 'akt', 1),
(233, 'Olimpija Lublana', 'oll', 1),
(234, 'Celta Vigo', 'clv', 1),
(235, 'FC Kopenhaga', 'kob', 1),
(236, 'Petrolul Ploeszti', 'pet', 1),
(237, 'Rapid Bukareszt', 'rap', 1),
(238, 'Politehnica Jassy', 'ias', 1),
(239, 'Oțelul Gałacz', 'ote', 1),
(241, 'Progresul Spartac Bukareszt', 'psb', 1),
(242, 'Slavia Praga B', 'slv2', 1),
(250, 'Dynamo Czeskie Budziejowice B', 'cbu2', 1),
(251, 'Dukla Praga B', 'duk2', 1),
(252, 'Viktoria Pilzno B', 'vpl2', 1),
(253, 'FC Táborsko Akademie', 'tbo2', 1),
(254, 'Motorlet Praga', 'mop', 1),
(256, 'FK Uście nad Łabą', 'unl', 1),
(257, 'Baník Ostrawa B', 'ban2', 1),
(258, 'MFK Karwina B', 'kar2', 1),
(260, 'Admira Praga', 'adm', 1),
(261, 'Worskła Połtawa', 'vop', 1),
(262, 'FK Ołeksandrija', 'ole', 1),
(263, 'Krywbas Krzywy Róg', 'kri', 1),
(264, 'Kołos Kowaliwka', 'kko', 1),
(265, 'Czornomoreć Odessa', 'cho', 1),
(267, 'Weres Równe', 'vre', 1),
(268, 'Inhułeć Petrowe', 'inh', 1),
(269, 'Metalist 1925 Charków', 'm25', 1),
(270, 'Metalist Charków', 'mkh', 1),
(272, 'Szachtar Donieck', 'sha', 1),
(273, 'Polissia Żytomierz', 'pol', 1),
(274, 'Obołoń Kijów', 'obo', 1),
(275, 'ŁNZ Czerkasy', 'lkz', 1),
(276, 'Karpaty Lwów', 'krp', 1),
(277, 'Epicentr Kamieniec Podolski', 'ekp', 1),
(278, 'Ahrobiznes Wołoczyska', 'ahr', 1),
(280, 'Prykarpattia Iwano-Frankiwsk', 'pif', 1),
(281, 'Bukowyna Czerniowce', 'bkh', 1),
(282, 'Nywa Tarnopol', 'nyt', 1),
(283, 'FK Chust', 'khu', 1),
(284, 'Liwyj Bereh Kijów', 'lbk', 1),
(285, 'Wiktorija Sumy', 'vks', 1),
(286, 'SK Połtawa', 'ptv', 1),
(287, 'Metałurh Zaporoże', 'mza', 1),
(288, 'Hirnyk-Sport Horiszni Pławni', 'hop', 1),
(289, 'Kremiń Krzemieńczuk', 'krm', 1),
(290, 'FK Czernihów', 'chn', 1),
(291, 'Dinaz Wyszogród', 'dwy', 1),
(292, 'Podilla Chmielnicki', 'pdi', 1),
(293, 'FK Zwiahel', 'zvi', 1),
(295, 'Drużba Myriwka', 'dmy', 1),
(296, 'SK Czajka', 'khj', 1),
(297, 'Skała 1911 Stryj', 'sks', 1),
(298, 'Nywa Buzowa', 'nyb', 1),
(299, 'Nywa Winnica', 'nvi', 1),
(300, 'Ruch-2 Lwów', 'rux2', 1),
(301, 'Karpaty-2 Lwów', 'krp2', 1),
(302, 'FK Kudriwka', 'kud', 1),
(303, 'Reał Farma Odessa', 'rfo', 1),
(304, 'Metałurh-2 Zaporoże', 'mza2', 1),
(305, 'FK Trostianeć', 'trc', 1),
(306, 'Łokomotyw Kijów', 'lky', 1),
(307, 'Kremiń-2 Krzemieńczuk', 'krm2', 1),
(308, 'Wast Mikołajów', 'myk', 1),
(309, 'FK Kulików', 'kul', 1),
(310, 'Podoliany Tarnopol', 'pte', 1),
(311, 'Ahron Gaje Wielkie', 'vhi', 1),
(312, 'Wiwad Romanów', 'viv', 1),
(313, 'Maramuresz Nyżnia Apsza', 'nyp', 1),
(314, 'Kołos Połonne', 'pnn', 1),
(315, 'FK Wilchiwci', 'blh', 1),
(316, 'Feniks Podmanasterz', 'fnx', 1),
(317, 'Sokił Mychajliwka-Rubeżiwka', 'smy', 1),
(318, 'FAPF Iwano-Frankiwsk', 'fpf', 1),
(319, 'Olimpija Sawynci', 'sav', 1),
(320, 'Tytan Odessa', 'tyt', 1),
(321, 'Ahrotech Tyszkiwka', 'tys', 1),
(322, 'Naftowyk Ochtyrka', 'naf', 1),
(323, 'Szturm Iwankiw', 'iva', 1),
(324, 'Zirka Kropywnycki', 'zrk', 1),
(325, 'Atlet Kijów', 'aky', 1),
(326, 'FK Łozowa', 'lzv', 1),
(327, 'Penuel Krzywy Róg', 'pkr', 1),
(328, 'Dukla Bańska Bystrzyca', 'dbb', 1),
(329, 'FC Tatran Preszów', 'tpr', 1),
(330, 'MFK Zwoleń', 'zvo', 1),
(333, 'Omonia Nikozja', 'omn', 1),
(334, 'AEK Larnaka', 'ak', 1),
(335, 'AEZ Zakaki', 'aez', 1),
(337, 'Othellos Atienu', 'oth', 1),
(338, 'Olympiakos Nikozja', 'oln', 1),
(339, 'Omonia Aradipu', 'app', 1),
(340, 'Digenis Akritas Morfu', 'dak', 1),
(341, 'MEAP Nisu', 'mni', 1),
(342, 'Ermis Aradipu', 'erm', 1),
(343, 'Dinamo Bukareszt', 'dbu', 1),
(344, 'Dinamo Zagrzeb', 'din', 1),
(345, 'Partizan Belgrad', 'par', 1),
(346, 'FK Smorgonie', 'smg', 1),
(348, 'Mladost Nowy Sad', 'nsa', 1),
(349, 'Kaspij Aktau', 'kak', 1),
(350, 'União Santarém', 'ust', 1),
(351, 'Maccabi Hajfa', 'mha', 1),
(352, 'Hapoel Beer Szewa', 'hbs', 1),
(353, 'Maccabi Tel Awiw', 'mta', 1),
(355, 'Maccabi Netanja', 'mne', 1),
(356, 'FC Aszdod', 'ash', 1),
(357, 'Hapoel Hajfa', 'hha', 1),
(358, 'Bene Sachnin', 'bns', 1),
(359, 'Hapoel Ironi Kirjat Szemona', 'iks', 1),
(360, 'Hapoel Tel Awiw', 'hta', 1),
(361, 'Maccabi Bene Rejna', 'mbr', 1),
(362, 'Maccabi Petach Tikwa', 'mpt', 1),
(363, 'Hapoel Petah Tikwa', 'hpt', 1),
(364, 'Bene Jehuda', 'bnj', 1),
(365, 'Hapoel Jerozolima', 'hje', 1),
(366, 'Hapoel Nof ha-Galil', 'hnh', 1),
(367, 'Hapoel Nir Ramat ha-Szaron', 'hsh', 1),
(368, 'Maccabi Herclijja', 'hrz', 1),
(369, 'Hapoel Akka', 'hkk', 1),
(370, 'MS Kafr Kasim', 'kfq', 1),
(371, 'Sekcia Nes Cijjona', 'nzi', 1),
(372, 'Hapoel Riszon le-Cijjon', 'rlz', 1),
(373, 'Hapoel Kefar Sawa', 'kfs', 1),
(374, 'Ihud Bene Szefaram', 'ihu', 1),
(381, 'Real Madryt B', 'rma2', 1),
(382, 'Atlético Madryt B', 'atm2', 1),
(383, 'Celta Vigo B', 'clv2', 1),
(384, 'Žalgiris Wilno B', 'zal2', 1),
(385, 'Žalgiris Kowno B', 'kau2', 1),
(386, 'Sheriff-2 Tyraspol', 'she2', 1),
(387, 'Bayern Monachium II', 'bmu2', 1),
(388, 'Vitória Guimarães B', 'vgu2', 1),
(390, 'Wolos NPS', 'vol', 1),
(391, 'PAS Janina', 'gia', 1),
(393, 'Niki Wolos', 'nvo', 1),
(394, 'AEK Ateny B', 'aek2', 1),
(395, 'Iraklis Saloniki', 'irk', 1),
(396, 'Lewadiakos FC', 'lvk', 1),
(397, 'Kawala FC', 'kav', 1),
(398, 'Nestos Chrisupoli', 'kry', 1),
(399, 'Pirin Błagojewgrad', 'pib', 1),
(400, 'Aris Petrupoli', 'ptp', 1);

-- --------------------------------------------------------

--
-- Struktura tabeli dla tabeli `names_teams`
--

CREATE TABLE `names_teams` (
  `id` int(10) UNSIGNED NOT NULL,
  `content` varchar(36) CHARACTER SET utf8mb4 COLLATE utf8mb4_unicode_ci NOT NULL,
  `team_id` varchar(3) NOT NULL,
  `lang_id` int(10) UNSIGNED NOT NULL
) ENGINE=InnoDB DEFAULT CHARSET=utf8mb4 COLLATE=utf8mb4_general_ci;

--
-- Zrzut danych tabeli `names_teams`
--

INSERT INTO `names_teams` (`id`, `content`, `team_id`, `lang_id`) VALUES
(1, 'Holandia', 'nld', 1),
(2, 'Ekwador', 'ecu', 1),
(3, 'Katar', 'qat', 1),
(4, 'Senegal', 'sen', 1),
(5, 'Anglia', 'eng', 1),
(6, 'USA', 'usa', 1),
(7, 'Iran', 'irn', 1),
(10, 'Walia', 'wal', 1),
(11, 'Argentyna', 'arg', 1),
(12, 'Polska', 'pol', 1),
(13, 'Meksyk', 'mex', 1),
(14, 'Arabia Saudyjska', 'sau', 1),
(15, 'Francja', 'fra', 1),
(16, 'Dania', 'den', 1),
(17, 'Tunezja', 'tun', 1),
(18, 'Australia', 'aus', 1),
(21, 'Hiszpania', 'spa', 1),
(22, 'Niemcy', 'ger', 1),
(23, 'Japonia', 'jap', 1),
(24, 'Kostaryka', 'cri', 1),
(26, 'Belgia', 'bel', 1),
(27, 'Kanada', 'can', 1),
(28, 'Maroko', 'mor', 1),
(29, 'Chorwacja', 'cro', 1),
(30, 'Brazylia', 'bra', 1),
(31, 'Serbia', 'srb', 1),
(32, 'Szwajcaria', 'swi', 1),
(33, 'Kamerun', 'cmr', 1),
(34, 'Portugalia', 'por', 1),
(35, 'Ghana', 'gha', 1),
(36, 'Urugwaj', 'uru', 1),
(37, 'Korea Południowa', 'kor', 1),
(39, 'Egipt', 'egy', 1),
(40, 'Kolumbia', 'col', 1),
(41, 'Peru', 'per', 1),
(42, 'Panama', 'pan', 1),
(43, 'Szwecja', 'swe', 1),
(44, 'Islandia', 'ice', 1),
(45, 'Nigeria', 'nga', 1),
(46, 'N-Zelandia', 'nze', 1),
(47, 'ZEA', 'zae', 1),
(48, 'Szkocja', 'sco', 1),
(49, 'Ukraina', 'ukr', 1),
(50, 'Austria', 'aut', 1),
(51, 'Włochy', 'ita', 1),
(52, 'Rumunia', 'rom', 1),
(53, 'Turcja', 'tur', 1),
(55, 'Czechy', 'cze', 1),
(56, 'Słowacja', 'svk', 1),
(57, 'Irlandia', 'irl', 1),
(58, 'Litwa', 'ltu', 1),
(59, 'Węgry', 'hun', 1),
(60, 'Bułgaria', 'bul', 1),
(61, 'Algieria', 'alg', 1),
(62, 'WKS', 'ivc', 1),
(63, 'Angola', 'ang', 1),
(64, 'RPA', 'rpa', 1),
(65, 'Słowenia', 'svn', 1),
(66, 'Finlandia', 'fin', 1),
(67, 'Grecja', 'gre', 1),
(68, 'Chile', 'chi', 1),
(69, 'Paragwaj', 'par', 1),
(70, 'Wenezuela', 'ven', 1),
(71, 'Boliwia', 'bol', 1),
(72, 'Honduras', 'hon', 1),
(73, 'Jamajka', 'jam', 1),
(74, 'Chiny', 'chn', 1),
(75, 'Macedonia Północna', 'mkd', 1),
(76, 'Uzbekistan', 'uzb', 1),
(77, 'Czarnogóra', 'mne', 1),
(78, 'Bośnia i H', 'bih', 1),
(79, 'Irlandia Północna', 'nir', 1),
(80, 'Norwegia', 'nor', 1),
(81, 'Albania', 'alb', 1),
(82, 'Andora', 'and', 1),
(83, 'Gruzja', 'geo', 1),
(84, 'Luksemburg', 'lux', 1),
(85, 'Malta', 'mlt', 1),
(86, 'Liechtenstein', 'lie', 1),
(87, 'Armenia', 'arm', 1),
(88, 'Białoruś', 'blr', 1),
(89, 'Azerbejdżan', 'aze', 1),
(90, 'Cypr', 'cyp', 1),
(91, 'Estonia', 'est', 1),
(92, 'Wyspy Owcze', 'fro', 1),
(93, 'Gibraltar', 'gib', 1),
(94, 'Izrael', 'isr', 1),
(95, 'Kosowo', 'kos', 1),
(96, 'Mołdawia', 'mda', 1),
(97, 'Łotwa', 'lva', 1),
(98, 'San Marino', 'smr', 1),
(100, 'Kazachstan', 'kaz', 1),
(101, 'DRK', 'cod', 1),
(102, 'Mali', 'mli', 1),
(103, 'Rosja', 'rus', 1),
(104, 'Antigua i Barbuda', 'atg', 1),
(105, 'Kuba', 'cub', 1),
(106, 'Curaçao', 'cuw', 1),
(107, 'Dominikana', 'dom', 1),
(108, 'Salwador', 'slv', 1),
(109, 'Gwatemala', 'gua', 1),
(110, 'Gujana', 'guy', 1),
(111, 'Haiti', 'hai', 1),
(112, 'Nikaragua', 'nka', 1),
(113, 'Surinam', 'sur', 1),
(114, 'Trynidad i Tobago', 'tri', 1),
(115, 'Saint Kitts i Nevis', 'skn', 1),
(116, 'Benin', 'ben', 1),
(117, 'Burkina Faso', 'bfa', 1),
(118, 'Gwinea Równikowa', 'eqg', 1),
(119, 'Eswatini', 'swz', 1),
(120, 'Gabon', 'gab', 1),
(121, 'Gambia', 'gam', 1),
(122, 'Gwinea', 'gui', 1),
(123, 'Gwinea Bissau', 'gnb', 1),
(124, 'Kenia', 'ken', 1),
(125, 'Kongo', 'cgo', 1),
(126, 'Lesotho', 'les', 1),
(127, 'Libia', 'lby', 1),
(128, 'Madagaskar', 'mad', 1),
(129, 'Malawi', 'mwi', 1),
(130, 'Mauretania', 'mtn', 1),
(131, 'Mozambik', 'moz', 1),
(132, 'Namibia', 'nam', 1),
(133, 'Niger', 'nig', 1),
(134, 'Rwanda', 'rwa', 1),
(135, 'Sierra Leone', 'sle', 1),
(136, 'Sudan', 'sdn', 1),
(137, 'Tanzania', 'tan', 1),
(138, 'Togo', 'tog', 1),
(139, 'Uganda', 'uga', 1),
(140, 'Zambia', 'zam', 1),
(141, 'Zimbabwe', 'zim', 1),
(142, 'Bahrajn', 'bhr', 1),
(143, 'Kambodża', 'cam', 1),
(144, 'Hongkong', 'hkg', 1),
(145, 'Indie', 'ind', 1),
(146, 'Indonezja', 'ina', 1),
(147, 'Irak', 'irq', 1),
(148, 'Jordania', 'jor', 1),
(149, 'Kirgistan', 'kgz', 1),
(150, 'Kuwejt', 'kuw', 1),
(151, 'Laos', 'lao', 1),
(152, 'Liban', 'lbn', 1),
(153, 'Malezja', 'mas', 1),
(154, 'Mongolia', 'mng', 1),
(155, 'Mjanma', 'mya', 1),
(156, 'Korea Północna', 'prk', 1),
(157, 'Oman', 'oma', 1),
(158, 'Pakistan', 'pak', 1),
(159, 'Palestyna', 'ple', 1),
(160, 'Filipiny', 'phi', 1),
(161, 'Singapur', 'sgp', 1),
(162, 'Syria', 'syr', 1),
(163, 'Tadżykistan', 'tjk', 1),
(164, 'Tajlandia', 'tha', 1),
(165, 'Turkmenistan', 'tkm', 1),
(166, 'Wietnam', 'vie', 1),
(167, 'Jemen', 'yem', 1),
(168, 'Samoa A', 'asa', 1),
(169, 'Wyspy Cooka', 'cok', 1),
(170, 'Fidżi', 'fij', 1),
(171, 'N-Kaledonia', 'ncl', 1),
(172, 'Vanuatu', 'van', 1),
(173, 'Papua-N-Gwinea', 'png', 1),
(174, 'Samoa', 'sam', 1),
(175, 'Wyspy Salomona', 'sol', 1),
(176, 'Tahiti', 'tah', 1),
(177, 'Tonga', 'tga', 1),
(178, 'Saint-Martin', 'smn', 1),
(179, 'Reunion', 'reu', 1),
(180, 'Zanzibar', 'zan', 1),
(181, 'Mariany Północne', 'nmi', 1),
(182, 'Kiribati', 'kir', 1),
(183, 'Palau', 'plv', 1),
(184, 'Tuvalu', 'tuv', 1),
(185, 'Mikronezja', 'fsm', 1),
(186, 'Niue', 'niu', 1),
(187, 'Bonaire', 'boe', 1),
(188, 'Gujana Francuska', 'guf', 1),
(189, 'Gwadelupa', 'glp', 1),
(190, 'Martynika', 'mtq', 1),
(191, 'Sint Maarten', 'sma', 1),
(192, 'Afganistan', 'afg', 1),
(193, 'Bangladesz', 'ban', 1),
(194, 'Bhutan', 'bhu', 1),
(195, 'Brunei', 'bru', 1),
(196, 'Chińskie Tajpej', 'tpe', 1),
(197, 'Timor Wschodni', 'tls', 1),
(198, 'Guam', 'gum', 1),
(199, 'Makau', 'mac', 1),
(200, 'Malediwy', 'mdv', 1),
(201, 'Nepal', 'nep', 1),
(202, 'Sri Lanka', 'sri', 1),
(203, 'Botswana', 'bot', 1),
(204, 'Burundi', 'bdi', 1),
(205, 'RZP', 'cpv', 1),
(206, 'RSA', 'cta', 1),
(207, 'Czad', 'cha', 1),
(208, 'Komory', 'com', 1),
(209, 'Dżibuti', 'dji', 1),
(210, 'Erytrea', 'eri', 1),
(211, 'Etiopia', 'eth', 1),
(212, 'Liberia', 'lbr', 1),
(213, 'Mauritius', 'mri', 1),
(214, 'Wyspy ST i K', 'stp', 1),
(215, 'Seszele', 'sey', 1),
(216, 'Somalia', 'som', 1),
(217, 'Sudan Południowy', 'ssd', 1),
(218, 'Anguilla', 'aia', 1),
(219, 'Aruba', 'aru', 1),
(220, 'Bahamy', 'bah', 1),
(221, 'Barbados', 'brb', 1),
(222, 'Belize', 'blz', 1),
(223, 'Bermudy', 'ber', 1),
(224, 'Kajmany', 'cay', 1),
(225, 'Dominika', 'dma', 1),
(226, 'Grenada', 'grn', 1),
(227, 'Turks i Caicos', 'tca', 1),
(228, 'Montserrat', 'msr', 1),
(229, 'Portoryko', 'pur', 1),
(230, 'Saint Lucia', 'lca', 1),
(231, 'Saint Vincent i G', 'vin', 1),
(232, 'Brytyjskie WD', 'vgb', 1),
(233, 'WD USA', 'vir', 1);

-- --------------------------------------------------------

--
-- Struktura tabeli dla tabeli `page_names`
--

CREATE TABLE `page_names` (
  `id` int(10) UNSIGNED NOT NULL,
  `page_name` varchar(50) NOT NULL
) ENGINE=InnoDB DEFAULT CHARSET=utf8mb4 COLLATE=utf8mb4_general_ci;

-- --------------------------------------------------------

--
-- Struktura tabeli dla tabeli `rounds`
--

CREATE TABLE `rounds` (
  `id` int(10) UNSIGNED NOT NULL,
  `name` varchar(35) NOT NULL,
  `teams` int(11) NOT NULL
) ENGINE=MyISAM DEFAULT CHARSET=latin1 COLLATE=latin1_swedish_ci;

--
-- Zrzut danych tabeli `rounds`
--

INSERT INTO `rounds` (`id`, `name`, `teams`) VALUES
(2, 'round of 16', 16),
(3, 'quarter-finals', 8),
(4, 'semi-finals', 4),
(5, '3rd place match', 2),
(6, 'final', 2),
(1, 'groups round', 32);

-- --------------------------------------------------------

--
-- Struktura tabeli dla tabeli `shared_games`
--

CREATE TABLE `shared_games` (
  `id` int(10) UNSIGNED NOT NULL,
  `user_id` int(10) UNSIGNED NOT NULL,
  `long_id` varchar(255) NOT NULL,
  `views` int(10) UNSIGNED NOT NULL DEFAULT 0,
  `creation_date` datetime NOT NULL,
  `year` int(10) UNSIGNED DEFAULT NULL,
  `type_id` int(10) UNSIGNED NOT NULL
) ENGINE=InnoDB DEFAULT CHARSET=utf8mb4 COLLATE=utf8mb4_general_ci;

-- --------------------------------------------------------

--
-- Struktura tabeli dla tabeli `shared_matches`
--

CREATE TABLE `shared_matches` (
  `id` int(10) UNSIGNED NOT NULL,
  `team1_id` varchar(3) NOT NULL,
  `team2_id` varchar(3) NOT NULL,
  `score_1` int(10) UNSIGNED NOT NULL,
  `score_2` int(10) UNSIGNED NOT NULL,
  `penalty_1` int(10) UNSIGNED DEFAULT NULL,
  `penalty_2` int(10) UNSIGNED DEFAULT NULL,
  `round_id` int(10) UNSIGNED NOT NULL,
  `group_ch` varchar(1) DEFAULT NULL,
  `order_nr` int(10) UNSIGNED DEFAULT NULL,
  `game_id` int(10) UNSIGNED NOT NULL
) ENGINE=MyISAM DEFAULT CHARSET=latin1 COLLATE=latin1_swedish_ci;

-- --------------------------------------------------------

--
-- Struktura tabeli dla tabeli `shared_teams`
--

CREATE TABLE `shared_teams` (
  `id` int(10) UNSIGNED NOT NULL,
  `team_id` varchar(3) NOT NULL,
  `group_place` int(10) UNSIGNED DEFAULT NULL,
  `points` int(10) UNSIGNED NOT NULL DEFAULT 0,
  `goals` int(10) NOT NULL DEFAULT 0,
  `goals_scored` int(10) UNSIGNED NOT NULL DEFAULT 0,
  `goals_lost` int(10) UNSIGNED NOT NULL DEFAULT 0,
  `wins` int(10) UNSIGNED NOT NULL DEFAULT 0,
  `draws` int(10) UNSIGNED NOT NULL DEFAULT 0,
  `loses` int(10) UNSIGNED NOT NULL DEFAULT 0,
  `game_id` int(10) UNSIGNED NOT NULL
) ENGINE=MyISAM DEFAULT CHARSET=latin1 COLLATE=latin1_swedish_ci;

-- --------------------------------------------------------

--
-- Struktura tabeli dla tabeli `teams`
--

CREATE TABLE `teams` (
  `name` varchar(3) NOT NULL,
  `link` varchar(50) NOT NULL,
  `con_id` int(10) UNSIGNED DEFAULT NULL,
  `fifa_member` tinyint(1) NOT NULL DEFAULT 1
) ENGINE=InnoDB DEFAULT CHARSET=utf8mb4 COLLATE=utf8mb4_general_ci;

--
-- Zrzut danych tabeli `teams`
--

INSERT INTO `teams` (`name`, `link`, `con_id`, `fifa_member`) VALUES
('afg', 'afghanistan.png', 3, 1),
('aia', 'anguilla.png', 5, 1),
('alb', 'albania.png', 1, 1),
('alg', 'algeria.png', 4, 1),
('and', 'andorra.png', 1, 1),
('ang', 'angola.png', 4, 1),
('arg', 'argentina.png', 2, 1),
('arm', 'armenia.png', 1, 1),
('aru', 'aruba.png', 5, 1),
('asa', 'american_samoa.png', 6, 1),
('atg', 'antigua_and_barbuda.png', 5, 1),
('aus', 'australia.png', 3, 1),
('aut', 'austria.png', 1, 1),
('aze', 'azerbaijan.png', 1, 1),
('bah', 'bahamas.png', 5, 1),
('ban', 'bangladesh.png', 3, 1),
('bdi', 'burundi.png', 4, 1),
('bel', 'belgium.png', 1, 1),
('ben', 'benin.png', 4, 1),
('ber', 'bermuda.png', 5, 1),
('bfa', 'burkina_faso.png', 4, 1),
('bhr', 'bahrain.png', 3, 1),
('bhu', 'bhutan.png', 3, 1),
('bih', 'bosnia_and_h.png', 1, 1),
('blr', 'belarus.png', 1, 1),
('blz', 'belize.png', 5, 1),
('boe', 'bonaire.png', 5, 1),
('bol', 'bolivia.png', 2, 1),
('bot', 'botswana.png', 4, 1),
('bra', 'brasil.png', 2, 1),
('brb', 'barbados.png', 5, 1),
('bru', 'brunei.png', 3, 1),
('bul', 'bulgaria.png', 1, 1),
('cam', 'cambodia.png', 3, 1),
('can', 'canada.png', 5, 1),
('cay', 'cayman_islands.png', 5, 1),
('cgo', 'kongo.png', 4, 1),
('cha', 'chad.png', 4, 1),
('chi', 'chile.png', 2, 1),
('chn', 'china.png', 3, 1),
('cmr', 'cameroon.png', 4, 1),
('cod', 'dkr.png', 4, 1),
('cok', 'cook_islands.png', 6, 1),
('col', 'colombia.png', 2, 1),
('com', 'comoros.png', 4, 1),
('cpv', 'cape_verde.png', 4, 1),
('cri', 'costa_rica.png', 5, 1),
('cro', 'croatia.png', 1, 1),
('cta', 'central_african_republic.png', 4, 1),
('cub', 'cuba.png', 5, 1),
('cuw', 'curacao.png', 5, 1),
('cyp', 'cyprus.png', 1, 1),
('cze', 'czech_republic.png', 1, 1),
('den', 'denmark.png', 1, 1),
('dji', 'djibouti.png', 4, 1),
('dma', 'dominica.png', 5, 1),
('dom', 'dominican_republic.png', 5, 1),
('ecu', 'ecuador.png', 2, 1),
('egy', 'egypt.png', 4, 1),
('eng', 'england.png', 1, 1),
('eqg', 'equatorial_guinea.png', 4, 1),
('eri', 'eritrea.png', 4, 1),
('est', 'estonia.png', 1, 1),
('eth', 'ethiopia.png', 4, 1),
('fij', 'fiji.png', 6, 1),
('fin', 'finland.png', 1, 1),
('fra', 'france.png', 1, 1),
('fro', 'faroe_island.png', 1, 1),
('fsm', 'micronesia.png', 6, 0),
('gab', 'gabon.png', 4, 1),
('gam', 'gambia.png', 4, 1),
('geo', 'georgia.png', 1, 1),
('ger', 'germany.png', 1, 1),
('gha', 'ghana.png', 4, 1),
('gib', 'gibraltar.png', 1, 1),
('glp', 'guadeloupe.png', 5, 1),
('gnb', 'guinea_bissau.png', 4, 1),
('gre', 'greece.png', 1, 1),
('grn', 'grenada.png', 5, 1),
('gua', 'guatemala.png', 5, 1),
('guf', 'french_guiana.png', 5, 1),
('gui', 'guinea.png', 4, 1),
('gum', 'guam.png', 3, 1),
('guy', 'guyana.png', 5, 1),
('hai', 'haiti.png', 5, 1),
('hkg', 'hong_kong.png', 3, 1),
('hon', 'honduras.png', 5, 1),
('hun', 'hungary.png', 1, 1),
('ice', 'iceland.png', 1, 1),
('ina', 'indonesia.png', 3, 1),
('ind', 'india.png', 3, 1),
('irl', 'ireland.png', 1, 1),
('irn', 'iran.png', 3, 1),
('irq', 'iraq.png', 3, 1),
('isr', 'israel.png', 1, 1),
('ita', 'italy.png', 1, 1),
('ivc', 'ivory_coast.png', 4, 1),
('jam', 'jamaica.png', 5, 1),
('jap', 'japan.png', 3, 1),
('jor', 'jordan.png', 3, 1),
('kaz', 'kazakhstan.png', 1, 1),
('ken', 'kenya.png', 4, 1),
('kgz', 'kyrgyz_republic.png', 3, 1),
('kir', 'kiribati.png', 6, 0),
('kor', 'south_korea.png', 3, 1),
('kos', 'kosovo.png', 1, 1),
('kuw', 'kuwait.png', 3, 1),
('lao', 'laos.png', 3, 1),
('lbn', 'lebanon.png', 3, 1),
('lbr', 'liberia.png', 4, 1),
('lby', 'libya.png', 4, 1),
('lca', 'saint_lucia.png', 5, 1),
('les', 'lesotho.png', 4, 1),
('lie', 'liechtenstein.png', 1, 1),
('ltu', 'lithuania.png', 1, 1),
('lux', 'luxembourg.png', 1, 1),
('lva', 'latvia.png', 1, 1),
('mac', 'macau.png', 3, 1),
('mad', 'madagaskar.png', 4, 1),
('mas', 'malaysia.png', 3, 1),
('mda', 'moldova.png', 1, 1),
('mdv', 'maldives.png', 3, 1),
('mex', 'mexico.png', 5, 1),
('mkd', 'macedonia.png', 1, 1),
('mli', 'mali.png', 4, 1),
('mlt', 'malta.png', 1, 1),
('mne', 'montenegro.png', 1, 1),
('mng', 'mongolia.png', 3, 1),
('mor', 'morocco.png', 4, 1),
('moz', 'mozambique.png', 4, 1),
('mri', 'mauritius.png', 4, 1),
('msr', 'montserrat.png', 5, 1),
('mtn', 'mauritania.png', 4, 1),
('mtq', 'martinique.png', 5, 1),
('mwi', 'malawi.png', 4, 1),
('mya', 'myanmar.png', 3, 1),
('nam', 'namibia.png', 4, 1),
('ncl', 'new_caledonia.png', 6, 1),
('nep', 'nepal.png', 3, 1),
('nga', 'nigeria.png', 4, 1),
('nig', 'niger.png', 4, 1),
('nir', 'northern_ireland.png', 1, 1),
('niu', 'niue.png', 6, 0),
('nka', 'nicaragua.png', 5, 1),
('nld', 'netherlands.png', 1, 1),
('nmi', 'nothern_mariana_islands.png', 3, 0),
('nor', 'norway.png', 1, 1),
('nze', 'new_zealand.png', 6, 1),
('oma', 'oman.png', 3, 1),
('pak', 'pakistan.png', 3, 1),
('pan', 'panama.png', 5, 1),
('par', 'paraguay.png', 2, 1),
('per', 'peru.png', 2, 1),
('phi', 'philippines.png', 3, 1),
('ple', 'palestine.png', 3, 1),
('plv', 'palau.png', 6, 0),
('png', 'papua_new_guinea.png', 6, 1),
('pol', 'poland.png', 1, 1),
('por', 'portugal.png', 1, 1),
('prk', 'north_korea.png', 3, 1),
('pur', 'puerto_rico.png', 5, 1),
('qat', 'quatar.png', 3, 1),
('reu', 'france.png', 4, 0),
('rom', 'romania.png', 1, 1),
('rpa', 'south_africa.png', 4, 1),
('rus', 'russia.png', 1, 1),
('rwa', 'rwanda.png', 4, 1),
('sam', 'samoa.png', 6, 1),
('sau', 'saudi_arabia.png', 3, 1),
('sco', 'scotland.png', 1, 1),
('sdn', 'sudan.png', 4, 1),
('sen', 'senegal.png', 4, 1),
('sey', 'seychelles.png', 4, 1),
('sgp', 'singapore.png', 3, 1),
('skn', 'saint_kitts_and_nevis.png', 5, 1),
('sle', 'sierra_leone.png', 4, 1),
('slv', 'el_salvador.png', 5, 1),
('sma', 'sint_maarten.png', 5, 1),
('smn', 'france.png', 5, 0),
('smr', 'san_marino.png', 1, 1),
('sol', 'solomon_islands.png', 6, 1),
('som', 'somalia.png', 4, 1),
('spa', 'spain.png', 1, 1),
('srb', 'serbia.png', 1, 1),
('sri', 'sri_lanka.png', 3, 1),
('ssd', 'south_sudan.png', 4, 1),
('stp', 'sao_tome_and_principe.png', 4, 1),
('sur', 'suriname.png', 5, 1),
('svk', 'slovakia.png', 1, 1),
('svn', 'slovenia.png', 1, 1),
('swe', 'sweden.png', 1, 1),
('swi', 'switzerland.png', 1, 1),
('swz', 'eswatini.png', 4, 1),
('syr', 'syria.png', 3, 1),
('tah', 'tahiti.png', 6, 1),
('tan', 'tanzania.png', 4, 1),
('tca', 'turks_and_caicos.png', 5, 1),
('tga', 'tonga.png', 6, 1),
('tha', 'thailand.png', 3, 1),
('tjk', 'tajikistan.png', 3, 1),
('tkm', 'turkmenistan.png', 3, 1),
('tls', 'east_timor.png', 3, 1),
('tog', 'togo.png', 4, 1),
('tpe', 'chinese_taipei.png', 3, 1),
('tri', 'trinidad_and_tobago.png', 5, 1),
('tun', 'tunisia.png', 4, 1),
('tur', 'turkey.png', 1, 1),
('tuv', 'tuvalu.png', 6, 0),
('uga', 'uganda.png', 4, 1),
('ukr', 'ukraine.png', 1, 1),
('uru', 'uruguay.png', 2, 1),
('usa', 'usa.png', 5, 1),
('uzb', 'uzbekistan.png', 3, 1),
('van', 'vanuatu.png', 6, 1),
('ven', 'venezuela.png', 2, 1),
('vgb', 'the_british_virgin_islands.png', 5, 1),
('vie', 'vietnam.png', 3, 1),
('vin', 'saint_vincent_and_the_grenadines.png', 5, 1),
('vir', 'the_us_virgin_islands.png', 5, 1),
('wal', 'wales.png', 1, 1),
('yem', 'yemen.png', 3, 1),
('zae', 'zae.png', 3, 1),
('zam', 'zambia.png', 4, 1),
('zan', 'zanzibar.png', 4, 0),
('zim', 'zimbabwe.png', 4, 1);

-- --------------------------------------------------------

--
-- Struktura tabeli dla tabeli `users`
--

CREATE TABLE `users` (
  `id` int(10) UNSIGNED NOT NULL,
  `name` varchar(50) NOT NULL,
  `login` varchar(50) NOT NULL,
  `password` varchar(256) DEFAULT NULL,
  `creation_date` datetime DEFAULT NULL
) ENGINE=InnoDB DEFAULT CHARSET=utf8mb4 COLLATE=utf8mb4_general_ci;

--
-- Indeksy dla zrzutów tabel
--

--
-- Indeksy dla tabeli `clubs`
--
ALTER TABLE `clubs`
  ADD PRIMARY KEY (`str_id`),
  ADD UNIQUE KEY `name` (`name`),
  ADD KEY `national_team_id` (`national_team_id`);

--
-- Indeksy dla tabeli `confederations`
--
ALTER TABLE `confederations`
  ADD PRIMARY KEY (`id`);

--
-- Indeksy dla tabeli `groups_teams`
--
ALTER TABLE `groups_teams`
  ADD PRIMARY KEY (`id`),
  ADD KEY `team_name` (`team_name`),
  ADD KEY `year` (`league_id`);

--
-- Indeksy dla tabeli `lang`
--
ALTER TABLE `lang`
  ADD PRIMARY KEY (`id`);

--
-- Indeksy dla tabeli `lang_contents`
--
ALTER TABLE `lang_contents`
  ADD PRIMARY KEY (`id`),
  ADD KEY `lang_id` (`lang_id`),
  ADD KEY `content_id` (`content_id`);

--
-- Indeksy dla tabeli `leagues`
--
ALTER TABLE `leagues`
  ADD PRIMARY KEY (`id`),
  ADD KEY `tournament_type` (`type_id`);

--
-- Indeksy dla tabeli `likes`
--
ALTER TABLE `likes`
  ADD PRIMARY KEY (`id`),
  ADD KEY `user_id` (`user_id`),
  ADD KEY `game_id` (`game_id`);

--
-- Indeksy dla tabeli `names_clubs`
--
ALTER TABLE `names_clubs`
  ADD PRIMARY KEY (`id`),
  ADD KEY `club_id` (`club_id`),
  ADD KEY `lang_id` (`lang_id`);

--
-- Indeksy dla tabeli `names_teams`
--
ALTER TABLE `names_teams`
  ADD PRIMARY KEY (`id`),
  ADD KEY `names_teams_ibfk_1` (`team_id`),
  ADD KEY `names_teams_ibfk_2` (`lang_id`);

--
-- Indeksy dla tabeli `page_names`
--
ALTER TABLE `page_names`
  ADD PRIMARY KEY (`id`);

--
-- Indeksy dla tabeli `rounds`
--
ALTER TABLE `rounds`
  ADD PRIMARY KEY (`id`);

--
-- Indeksy dla tabeli `shared_games`
--
ALTER TABLE `shared_games`
  ADD PRIMARY KEY (`id`),
  ADD KEY `user_id` (`user_id`);

--
-- Indeksy dla tabeli `shared_matches`
--
ALTER TABLE `shared_matches`
  ADD PRIMARY KEY (`id`),
  ADD KEY `game_id` (`game_id`),
  ADD KEY `team1_id` (`team1_id`),
  ADD KEY `team2_id` (`team2_id`),
  ADD KEY `round_id` (`round_id`);

--
-- Indeksy dla tabeli `shared_teams`
--
ALTER TABLE `shared_teams`
  ADD PRIMARY KEY (`id`),
  ADD KEY `team_id` (`team_id`),
  ADD KEY `game_id` (`game_id`);

--
-- Indeksy dla tabeli `teams`
--
ALTER TABLE `teams`
  ADD PRIMARY KEY (`name`),
  ADD KEY `con_id` (`con_id`);

--
-- Indeksy dla tabeli `users`
--
ALTER TABLE `users`
  ADD PRIMARY KEY (`id`);

--
-- AUTO_INCREMENT dla zrzuconych tabel
--

--
-- AUTO_INCREMENT dla tabeli `confederations`
--
ALTER TABLE `confederations`
  MODIFY `id` int(10) UNSIGNED NOT NULL AUTO_INCREMENT, AUTO_INCREMENT=7;

--
-- AUTO_INCREMENT dla tabeli `groups_teams`
--
ALTER TABLE `groups_teams`
  MODIFY `id` int(10) UNSIGNED NOT NULL AUTO_INCREMENT, AUTO_INCREMENT=169;

--
-- AUTO_INCREMENT dla tabeli `lang`
--
ALTER TABLE `lang`
  MODIFY `id` int(10) UNSIGNED NOT NULL AUTO_INCREMENT, AUTO_INCREMENT=2;

--
-- AUTO_INCREMENT dla tabeli `lang_contents`
--
ALTER TABLE `lang_contents`
  MODIFY `id` int(10) UNSIGNED NOT NULL AUTO_INCREMENT;

--
-- AUTO_INCREMENT dla tabeli `leagues`
--
ALTER TABLE `leagues`
  MODIFY `id` int(10) UNSIGNED NOT NULL AUTO_INCREMENT, AUTO_INCREMENT=7;

--
-- AUTO_INCREMENT dla tabeli `likes`
--
ALTER TABLE `likes`
  MODIFY `id` int(10) UNSIGNED NOT NULL AUTO_INCREMENT;

--
-- AUTO_INCREMENT dla tabeli `names_clubs`
--
ALTER TABLE `names_clubs`
  MODIFY `id` int(10) UNSIGNED NOT NULL AUTO_INCREMENT, AUTO_INCREMENT=401;

--
-- AUTO_INCREMENT dla tabeli `names_teams`
--
ALTER TABLE `names_teams`
  MODIFY `id` int(10) UNSIGNED NOT NULL AUTO_INCREMENT, AUTO_INCREMENT=234;

--
-- AUTO_INCREMENT dla tabeli `page_names`
--
ALTER TABLE `page_names`
  MODIFY `id` int(10) UNSIGNED NOT NULL AUTO_INCREMENT;

--
-- AUTO_INCREMENT dla tabeli `rounds`
--
ALTER TABLE `rounds`
  MODIFY `id` int(10) UNSIGNED NOT NULL AUTO_INCREMENT, AUTO_INCREMENT=22;

--
-- AUTO_INCREMENT dla tabeli `shared_games`
--
ALTER TABLE `shared_games`
  MODIFY `id` int(10) UNSIGNED NOT NULL AUTO_INCREMENT;

--
-- AUTO_INCREMENT dla tabeli `shared_matches`
--
ALTER TABLE `shared_matches`
  MODIFY `id` int(10) UNSIGNED NOT NULL AUTO_INCREMENT;

--
-- AUTO_INCREMENT dla tabeli `shared_teams`
--
ALTER TABLE `shared_teams`
  MODIFY `id` int(10) UNSIGNED NOT NULL AUTO_INCREMENT;

--
-- AUTO_INCREMENT dla tabeli `users`
--
ALTER TABLE `users`
  MODIFY `id` int(10) UNSIGNED NOT NULL AUTO_INCREMENT;

--
-- Ograniczenia dla zrzutów tabel
--

--
-- Ograniczenia dla tabeli `clubs`
--
ALTER TABLE `clubs`
  ADD CONSTRAINT `clubs_ibfk_1` FOREIGN KEY (`national_team_id`) REFERENCES `teams` (`name`);

--
-- Ograniczenia dla tabeli `lang_contents`
--
ALTER TABLE `lang_contents`
  ADD CONSTRAINT `lang_contents_ibfk_1` FOREIGN KEY (`lang_id`) REFERENCES `lang` (`id`),
  ADD CONSTRAINT `lang_contents_ibfk_2` FOREIGN KEY (`content_id`) REFERENCES `page_names` (`id`);

--
-- Ograniczenia dla tabeli `likes`
--
ALTER TABLE `likes`
  ADD CONSTRAINT `likes_ibfk_1` FOREIGN KEY (`user_id`) REFERENCES `users` (`id`),
  ADD CONSTRAINT `likes_ibfk_2` FOREIGN KEY (`game_id`) REFERENCES `shared_games` (`id`);

--
-- Ograniczenia dla tabeli `names_clubs`
--
ALTER TABLE `names_clubs`
  ADD CONSTRAINT `names_clubs_ibfk_1` FOREIGN KEY (`club_id`) REFERENCES `clubs` (`str_id`),
  ADD CONSTRAINT `names_clubs_ibfk_2` FOREIGN KEY (`lang_id`) REFERENCES `lang` (`id`);

--
-- Ograniczenia dla tabeli `names_teams`
--
ALTER TABLE `names_teams`
  ADD CONSTRAINT `names_teams_ibfk_1` FOREIGN KEY (`team_id`) REFERENCES `teams` (`name`),
  ADD CONSTRAINT `names_teams_ibfk_2` FOREIGN KEY (`lang_id`) REFERENCES `lang` (`id`);

--
-- Ograniczenia dla tabeli `shared_games`
--
ALTER TABLE `shared_games`
  ADD CONSTRAINT `shared_games_ibfk_1` FOREIGN KEY (`user_id`) REFERENCES `users` (`id`);

--
-- Ograniczenia dla tabeli `teams`
--
ALTER TABLE `teams`
  ADD CONSTRAINT `teams_ibfk_1` FOREIGN KEY (`con_id`) REFERENCES `confederations` (`id`);
COMMIT;

/*!40101 SET CHARACTER_SET_CLIENT=@OLD_CHARACTER_SET_CLIENT */;
/*!40101 SET CHARACTER_SET_RESULTS=@OLD_CHARACTER_SET_RESULTS */;
/*!40101 SET COLLATION_CONNECTION=@OLD_COLLATION_CONNECTION */;
